declarationRequestNumber,region,stateAbbreviation,state,tribalRequest,declarationRequestDate,declarationRequestType,incidentName,requestedIncidentTypes,requestedIncidentBeginDate,requestedIncidentEndDate,currentRequestStatus,requestStatusDate,ihProgramRequested,iaProgramRequested,paProgramRequested,hmProgramRequested,incidentId,incidentBeginDate,id
23,10,ID,Idaho                         ,0,2000-03-03T00:00:00.000Z,Major Disaster,ID-ROCKSLIDES-02-11-2000,Mud/Landslide,2000-01-30T00:00:00.000Z,,Turndown,2000-03-17T00:00:00.000Z,0,1,0,1,2000021103,2000-01-30T00:00:00.000Z,5b8897cf-ef43-4e05-a9ce-a3f84759e5e7
40,6,OK,Oklahoma                      ,0,2000-05-10T00:00:00.000Z,Major Disaster,OK-Tulsa Flooding-5-6-00,Flood,2000-05-05T00:00:00.000Z,2000-05-08T00:00:00.000Z,Turndown,2000-05-24T00:00:00.000Z,0,1,0,1,2000050701,2000-05-06T00:00:00.000Z,a72df3eb-7ecf-4348-9149-3af891a69662
46,6,LA,Louisiana                     ,0,2000-06-05T00:00:00.000Z,Major Disaster,LA-Tornado-North Louisiana-4/23/00,Tornado,2000-04-23T00:00:00.000Z,2000-04-24T00:00:00.000Z,Turndown,2000-06-21T00:00:00.000Z,0,1,0,1,2000042401,2000-04-23T00:00:00.000Z,ddb49ac5-60f5-40b4-bfc0-c58a3e0909a7
51,4,NC,North Carolina                ,0,2000-06-06T00:00:00.000Z,Major Disaster,NC -Severe Storms and Possible Tornados,Severe Storm,2000-05-25T00:00:00.000Z,2000-05-25T00:00:00.000Z,Turndown,2000-06-23T00:00:00.000Z,0,0,1,1,2000052601,2000-05-25T00:00:00.000Z,929ac0c0-0888-48ba-818f-a561ce0b241f
56,5,IL,Illinois                      ,0,2000-06-15T00:00:00.000Z,Major Disaster,"IL-Severe Storms, Tornadoes & Flooding-05/19/2000",Severe Storm,2000-05-18T00:00:00.000Z,2000-05-26T00:00:00.000Z,Turndown,2000-06-27T00:00:00.000Z,0,0,1,1,2000051901,2000-05-19T00:00:00.000Z,27a6da7b-3c36-4b11-b064-332b1563b608
79,6,TX,Texas                         ,0,2000-07-27T00:00:00.000Z,Emergency,TX-Fire Emergency Request-07-27-00,Fire,2000-07-27T00:00:00.000Z,,Turndown,2000-09-20T00:00:00.000Z,0,0,1,0,2000073101,2000-07-27T00:00:00.000Z,08494500-e622-4791-a299-d49a57dff621
93,1,CT,Connecticut                   ,0,2000-08-17T00:00:00.000Z,Major Disaster,CT Heavy Rains and Flooding 8-11-00,Severe Storm,2000-08-11T00:00:00.000Z,2000-08-12T00:00:00.000Z,Turndown,2000-09-21T00:00:00.000Z,0,1,0,1,2000081404,2000-08-11T00:00:00.000Z,27923c16-eebe-4d3f-a460-a0934c98af1b
138,6,AR,Arkansas                      ,0,2000-09-08T00:00:00.000Z,Emergency,AR-Extreme Fire Hazard-8/25/00,Fire,2000-08-25T00:00:00.000Z,,Turndown,2000-09-20T00:00:00.000Z,0,0,1,0,2000090803,2000-08-25T00:00:00.000Z,82a69a92-8512-472a-b9d7-cfbf3b817e3c
154,6,OK,Oklahoma                      ,0,2000-09-22T00:00:00.000Z,Emergency,OK-Severe Fire Threat-8/29/00,Fire,2000-09-15T00:00:00.000Z,,Turndown,2000-10-11T00:00:00.000Z,0,0,1,0,2000092205,2000-09-15T00:00:00.000Z,a08008ba-2645-4428-8db1-c60ede1acf96
155,5,WI,Wisconsin                     ,0,2000-09-22T00:00:00.000Z,Major Disaster," Wi-Eau Claire, Severe Storms and Flooding",Severe Storm,2000-09-10T00:00:00.000Z,2000-09-11T00:00:00.000Z,Turndown,2000-10-20T00:00:00.000Z,0,0,1,1,2000091401,2000-09-10T00:00:00.000Z,69ab0ec1-3289-4a41-86a5-7f0fca7784d7
162,2,NY,New York                      ,0,2000-10-10T00:00:00.000Z,Major Disaster,NY - Heavy Rains and Thunderstorms,Severe Storm,2000-09-02T00:00:00.000Z,2000-09-09T00:00:00.000Z,Turndown,2000-10-19T00:00:00.000Z,0,1,1,1,2000091202,2000-09-02T00:00:00.000Z,8d899edf-319a-448b-b0bd-03e7aac980fc
1006,2,NY,New York                      ,0,2001-01-16T00:00:00.000Z,Major Disaster,"NY Rain Dec17, 2000",Severe Storm,2000-12-16T00:00:00.000Z,2000-12-17T00:00:00.000Z,Turndown,2001-04-03T00:00:00.000Z,0,1,1,1,2000121901,2000-12-16T00:00:00.000Z,a0ffa482-e03c-49c9-b17c-340266e2b50a
1027,6,AR,Arkansas                      ,0,2001-03-02T00:00:00.000Z,Major Disaster,AR-Tornadoes-2-24-01,Tornado,2001-02-24T00:00:00.000Z,2001-02-25T00:00:00.000Z,Turndown,2001-03-16T00:00:00.000Z,0,1,0,0,2001022602,2001-02-24T00:00:00.000Z,de430c23-2d6a-4141-84d1-fd258bf8e547
1029,6,OK,Oklahoma                      ,0,2001-03-15T00:00:00.000Z,Major Disaster,OK-Ice Storm-1-27-01,Severe Ice Storm,2001-01-27T00:00:00.000Z,2001-01-29T00:00:00.000Z,Turndown,2001-04-03T00:00:00.000Z,0,0,1,1,2001030701,2001-01-27T00:00:00.000Z,4f87ff93-7589-4361-b420-4a0173847d6d
1035,6,TX,Texas                         ,0,2001-05-30T00:00:00.000Z,Major Disaster,TX-Severe Weather-2-23-01,Severe Storm,2001-02-14T00:00:00.000Z,2001-03-30T00:00:00.000Z,Turndown,2001-06-28T00:00:00.000Z,0,0,1,1,2001022701,2001-02-14T00:00:00.000Z,2406acf1-86be-497c-853a-9ef81686f484
1038,1,RI,Rhode Island                  ,0,2001-04-20T00:00:00.000Z,Major Disaster,New England Nor'Easter/Flooding-03/21/2001,Flood,2001-03-22T00:00:00.000Z,2001-03-30T00:00:00.000Z,Turndown,2001-06-21T00:00:00.000Z,0,0,0,1,2001032301,2001-03-21T00:00:00.000Z,59f4f108-7ac8-4cd2-98e9-c8f23cf601b0
1078,4,FL,Florida                       ,0,2001-08-06T00:00:00.000Z,Major Disaster,R4-TS Barry,Hurricane,2001-08-02T00:00:00.000Z,,Turndown,2001-08-14T00:00:00.000Z,0,1,0,0,2001080301,2001-08-02T00:00:00.000Z,817bbf17-9911-441a-96a9-636f0ba96188
1081,5,IL,Illinois                      ,0,2001-08-14T00:00:00.000Z,Major Disaster,IL-Chigago Flash Flood-08/02/2110,Flood,2001-08-02T00:00:00.000Z,2001-08-02T00:00:00.000Z,Turndown,2001-08-27T00:00:00.000Z,0,1,0,1,2001080302,2001-08-02T00:00:00.000Z,6c10e5ba-50bb-42a1-8a50-b6bf73dcf5bb
1095,1,MA,Massachusetts                 ,0,2001-10-02T00:00:00.000Z,Emergency,Fires and Explosions,Fire,2001-09-11T00:00:00.000Z,,Turndown,2001-10-31T00:00:00.000Z,0,0,1,0,2001091102,2001-09-11T00:00:00.000Z,b0db0886-bb16-45b8-b707-7b5c85b75ce5
1096,3,MD,Maryland                      ,0,2001-10-02T00:00:00.000Z,Major Disaster,Tornadoes and Severe Storms,Tornado,2001-09-24T00:00:00.000Z,2001-09-24T00:00:00.000Z,Turndown,2001-10-24T00:00:00.000Z,0,1,1,1,2001092501,2001-09-24T00:00:00.000Z,7c751924-7179-40c3-99d5-64a12605a455
1097,6,TX,Texas                         ,0,2001-10-03T00:00:00.000Z,Major Disaster,TX-Queen Isabel Bridge Collapse-9-15-01,Other,2001-09-15T00:00:00.000Z,,Turndown,2001-12-21T00:00:00.000Z,0,0,0,0,2001091501,2001-09-15T00:00:00.000Z,0575ad8c-add8-46e0-a2fe-7f44ecb38845
1099,9,FM,Federated States of Micronesia,0,2001-09-10T00:00:00.000Z,Major Disaster,FM-Toxic Substance-08-20-2001,Toxic Substances,2001-07-01T00:00:00.000Z,2001-08-26T00:00:00.000Z,Turndown,2001-10-29T00:00:00.000Z,0,0,1,0,2001082001,2001-08-20T00:00:00.000Z,a30c2935-720f-467c-af8a-d66d982b2978
1101,4,FL,Florida                       ,0,2001-10-17T00:00:00.000Z,Emergency,Fires and Explosions,Fire,2001-09-11T00:00:00.000Z,,Turndown,2001-11-07T00:00:00.000Z,0,0,1,0,2001091102,2001-09-11T00:00:00.000Z,b4e41fb5-ab53-4afc-a0ba-2f30adc95316
1102,6,TX,Texas                         ,0,2001-10-25T00:00:00.000Z,Major Disaster,TX-Severe Storms & Tornadoes-10-12-01,Severe Storm,2001-10-12T00:00:00.000Z,2001-10-13T00:00:00.000Z,Turndown,2001-11-27T00:00:00.000Z,0,1,1,1,2001101303,2001-10-12T00:00:00.000Z,bc5d4147-fb3d-4a89-8f5b-8674c128cbe6
1114,6,TX,Texas                         ,0,2001-11-30T00:00:00.000Z,Major Disaster,TX-Severe Storms & Flooding-11-15-01,Severe Storm,2001-11-15T00:00:00.000Z,2001-11-18T00:00:00.000Z,Turndown,2002-01-09T00:00:00.000Z,0,1,1,1,2001111601,2001-11-15T00:00:00.000Z,e9eb20bd-eaa4-433d-9443-29f220248337
1115,4,FL,Florida                       ,0,2001-12-04T00:00:00.000Z,Major Disaster,Red Tide (micro algae Karenia brevis),Other,2001-10-16T00:00:00.000Z,,Turndown,2002-03-13T00:00:00.000Z,0,0,0,0,2001120601,2001-10-16T00:00:00.000Z,47a455a8-4881-4dd8-bd21-375269a8aecf
2017,4,TN,Tennessee                     ,0,2002-02-06T00:00:00.000Z,Major Disaster,TN - Severe Weather System with Flooding,Severe Storm,2002-01-23T00:00:00.000Z,,Turndown,2002-02-19T00:00:00.000Z,0,0,1,0,2002012401,2002-01-22T00:00:00.000Z,6a402111-84ee-4996-b0ae-3539def0967d
2020,4,GA,Georgia                       ,0,2002-02-21T00:00:00.000Z,Emergency,GA-Unburied and Uncremated Bodies,Other,2002-02-15T00:00:00.000Z,,Turndown,2002-02-26T00:00:00.000Z,0,0,1,0,2002021901,2002-02-17T00:00:00.000Z,6ef2efb2-8a6e-4629-8857-8f18fdc68b9b
2027,1,ME,Maine                         ,0,2002-04-09T00:00:00.000Z,Major Disaster,Drought,Drought,2001-06-01T00:00:00.000Z,,Turndown,2002-07-19T00:00:00.000Z,0,1,1,1,2002032702,2002-06-01T00:00:00.000Z,ae1b037a-98b7-4c8f-b7a7-c80681a702b1
2029,5,IL,Illinois                      ,0,2002-04-25T00:00:00.000Z,Major Disaster,Il-Tornado-4 21 02,Tornado,2002-04-21T00:00:00.000Z,2002-04-21T00:00:00.000Z,Turndown,2002-05-07T00:00:00.000Z,0,1,1,1,2002042201,2002-04-21T00:00:00.000Z,c620d593-c086-43c6-95c8-a3708a956435
2052,6,NM,New Mexico                    ,0,2002-06-03T00:00:00.000Z,Emergency,NM-Wildfire Threat-3-24-02,Fire,2002-03-24T00:00:00.000Z,2002-07-19T00:00:00.000Z,Turndown,2002-06-17T00:00:00.000Z,0,0,1,0,2002052901,2002-03-24T00:00:00.000Z,76a20af6-1d83-470c-970c-c7c978436aa0
2084,5,IL,Illinois                      ,0,2002-07-01T00:00:00.000Z,Major Disaster,IL-Flooding-06/04-05/02,Flood,2002-06-03T00:00:00.000Z,2002-06-05T00:00:00.000Z,Turndown,2002-07-19T00:00:00.000Z,0,0,1,1,2002061902,2002-06-04T00:00:00.000Z,f3843635-59bf-4ffc-bb71-3fd9afaabd07
2094,7,NE,Nebraska                      ,0,2002-07-15T00:00:00.000Z,Major Disaster,Nebraska severe storms,Severe Storm,2002-07-06T00:00:00.000Z,2002-07-06T00:00:00.000Z,Turndown,2002-07-29T00:00:00.000Z,0,1,0,1,2002070601,2002-07-06T00:00:00.000Z,481ce620-8538-42bd-add4-1b8529328eec
2106,8,ND,North Dakota                  ,0,2002-08-01T00:00:00.000Z,Emergency,ND - Wildfire Threat,Fire,2002-02-22T00:00:00.000Z,,Turndown,2002-09-05T00:00:00.000Z,0,0,1,0,2002080102,2002-02-22T00:00:00.000Z,64f298ec-a116-4bf3-bd71-38778fb83cda
2107,6,LA,Louisiana                     ,0,2002-08-05T00:00:00.000Z,Emergency,LA-West Nile Virus-8-5-02,Other,2002-06-01T00:00:00.000Z,,Turndown,2003-04-25T00:00:00.000Z,0,0,1,0,2002080601,2002-06-01T00:00:00.000Z,a84a63d2-6bba-4547-a8de-e4315c7dc71b
2119,4,MS,Mississippi                   ,0,2002-08-16T00:00:00.000Z,Emergency,MS - West Nile Virus 8-16-02,Other,2002-07-19T00:00:00.000Z,,Turndown,2003-04-25T00:00:00.000Z,0,0,1,0,2002081601,2002-07-19T00:00:00.000Z,bfda762c-e7c3-4f75-a925-25cf5f2554f4
2121,2,NJ,New Jersey                    ,0,2002-08-14T00:00:00.000Z,Emergency,NJ-Severe Storm Power Outage 8-02-02,Severe Storm,2002-08-02T00:00:00.000Z,,Turndown,2003-01-08T00:00:00.000Z,0,0,1,0,2002080901,2002-08-02T00:00:00.000Z,398cfd09-72e6-407e-aabd-f32b2d8efd1c
2122,9,AZ,Arizona                       ,0,2002-08-06T00:00:00.000Z,Major Disaster,Monsoon 7-09-2002,Other,2002-07-09T00:00:00.000Z,2002-07-15T00:00:00.000Z,Turndown,2002-08-30T00:00:00.000Z,0,1,1,1,2002071703,2002-07-09T00:00:00.000Z,e4b1bb33-10c0-42b4-ae0a-94a37b5ed68b
2124,8,WY,Wyoming                       ,0,2002-08-30T00:00:00.000Z,Major Disaster,WY Flooding 08/27/02,Flood,2002-08-27T00:00:00.000Z,2002-08-28T00:00:00.000Z,Turndown,2002-09-18T00:00:00.000Z,0,0,1,1,2002082702,2002-08-27T00:00:00.000Z,e9b5fa02-c9f9-4b9a-a7d2-860b2ffbba8c
2132,3,VA,Virginia                      ,0,2002-08-23T00:00:00.000Z,Major Disaster,VA - Orange County Drought,Drought,2002-08-26T00:00:00.000Z,,Turndown,2003-01-21T00:00:00.000Z,0,0,1,0,2002092301,2002-08-26T00:00:00.000Z,f1b8192b-9684-4341-8894-5f18f9ffd394
2140,4,FL,Florida                       ,0,2002-10-08T00:00:00.000Z,Emergency,Hurricane Isidore-9-23-02,Hurricane,2002-09-26T00:00:00.000Z,2002-09-27T00:00:00.000Z,Turndown,2002-11-18T00:00:00.000Z,0,0,1,0,2002092302,2002-09-21T00:00:00.000Z,d3ca2fb1-368d-4069-bb14-06390f6ce126
2154,1,CT,Connecticut                   ,0,2002-12-11T00:00:00.000Z,Major Disaster,"CT-Winter Storm -Freezing rain, sleet & snow",Severe Ice Storm,2002-11-16T00:00:00.000Z,2002-11-18T00:00:00.000Z,Turndown,2003-01-08T00:00:00.000Z,0,0,1,1,2002112001,2002-11-16T00:00:00.000Z,a7e87f1a-80c9-44ae-83a9-936e16fe3f45
2156,4,MS,Mississippi                   ,0,2002-12-23T00:00:00.000Z,Major Disaster,MS-Severe Storms and Tornado,Tornado,2002-12-18T00:00:00.000Z,2002-12-19T00:00:00.000Z,Turndown,2003-02-14T00:00:00.000Z,0,0,1,1,2002122001,2002-12-19T00:00:00.000Z,85549d51-39af-4e0b-a9e3-741d69cc5afb
3002,10,ID,Idaho                         ,0,2000-02-18T00:00:00.000Z,Emergency,ID-ROCKSLIDES-02-11-2000,Mud/Landslide,2000-01-30T00:00:00.000Z,2000-02-11T00:00:00.000Z,Turndown,2000-03-17T00:00:00.000Z,0,0,0,0,2000021103,2000-01-30T00:00:00.000Z,475af0ea-1a6e-429a-a058-d33951e02807
3013,1,RI,Rhode Island                  ,0,2003-02-24T00:00:00.000Z,Major Disaster,RI Nightclub Fire,Fire,2003-02-20T00:00:00.000Z,,Turndown,2003-04-23T00:00:00.000Z,1,0,1,0,2003022102,2003-02-20T00:00:00.000Z,81d85d84-239e-4dec-910f-0011865726b4
3028,4,FL,Florida                       ,0,2003-03-20T00:00:00.000Z,Major Disaster,FL - Sustained severe freeze events,Freezing,2002-11-01T00:00:00.000Z,2003-02-28T00:00:00.000Z,Turndown,2003-04-28T00:00:00.000Z,0,0,0,1,2003032101,2002-11-01T00:00:00.000Z,4203a2c2-21c1-47dc-a950-c3b80c424be3
3031,1,NH,New Hampshire                 ,0,2003-04-09T00:00:00.000Z,Major Disaster,Mt. Washington Structural Fire,Other,2003-02-09T00:00:00.000Z,2003-02-09T00:00:00.000Z,Turndown,2003-06-20T00:00:00.000Z,0,0,1,0,2003021902,2003-02-09T00:00:00.000Z,5abd53a1-ec98-4bfb-a267-77e67dbc7e25
3034,9,CA,California                    ,0,2003-04-16T00:00:00.000Z,Emergency,CA - Severe Fire Threat,Drought,2002-03-01T00:00:00.000Z,,Turndown,2003-12-22T00:00:00.000Z,0,0,1,0,2003042301,2003-04-16T00:00:00.000Z,6d008ec7-59b0-44aa-a7cf-e9787ea6f5fe
3051,5,MI,Michigan                      ,0,2003-06-04T00:00:00.000Z,Major Disaster,MI-Dam Failure 05/14/2003,Dam/Levee Break,0003-05-10T00:00:00.000Z,2003-05-26T00:00:00.000Z,Turndown,2003-09-24T00:00:00.000Z,0,0,1,1,2003051501,2003-05-14T00:00:00.000Z,9e409c9e-3694-460d-8779-b9522f50647b
3057,9,AZ,Arizona                       ,0,2003-06-12T00:00:00.000Z,Emergency,AZ-Wildfire-05-27-2003,Fire,2002-04-01T00:00:00.000Z,,Turndown,2002-01-08T00:00:00.000Z,0,0,1,0,2003052801,2003-05-27T00:00:00.000Z,f2719c98-7bc4-45db-9be0-6bf6a0a51fca
3062,4,MS,Mississippi                   ,0,2003-06-12T00:00:00.000Z,Major Disaster,MS Flooding and Damaging Winds,Severe Storm,2003-05-17T00:00:00.000Z,,Turndown,2003-08-28T00:00:00.000Z,0,0,1,1,2003063002,2003-05-17T00:00:00.000Z,03da40e3-d495-45f9-abd8-a87ed345091f
3064,6,LA,Louisiana                     ,0,2003-07-09T00:00:00.000Z,Major Disaster,TS  Bill,Severe Storm,2003-06-30T00:00:00.000Z,,Turndown,2003-09-12T00:00:00.000Z,1,0,1,1,2003063003,2003-06-29T00:00:00.000Z,3fcdddf2-3b92-4b89-b9a4-6140954faed2
3089,4,FL,Florida                       ,0,2003-08-13T00:00:00.000Z,Major Disaster,FL-Severe Storms and Tornadoes,Tornado,2003-08-07T00:00:00.000Z,2003-08-08T00:00:00.000Z,Turndown,2003-08-29T00:00:00.000Z,1,0,0,1,2003081301,2003-08-07T00:00:00.000Z,603bba73-abbc-4b6e-a25e-50eadfad7e97
3102,4,KY,Kentucky                      ,0,2003-08-29T00:00:00.000Z,Major Disaster,KY - Severe Storms and flooding,Severe Storm,2003-08-22T00:00:00.000Z,2003-08-22T00:00:00.000Z,Turndown,2003-10-07T00:00:00.000Z,1,0,0,1,2003082802,2003-08-22T00:00:00.000Z,c3e80f59-0f15-440d-a6a1-e8f9682d03cd
3118,2,NJ,New Jersey                    ,0,2003-10-03T00:00:00.000Z,Major Disaster,Hurricane Isabel,Hurricane,2003-09-18T00:00:00.000Z,,Turndown,2003-11-06T00:00:00.000Z,0,0,1,1,2003091101,2003-09-18T00:00:00.000Z,08023d55-930f-454b-8b73-d74f486f29d5
3119,6,TX,Texas                         ,0,2003-10-21T00:00:00.000Z,Major Disaster,TX-Severe Storms10-12-03,Severe Storm,2003-09-18T00:00:00.000Z,2003-10-20T00:00:00.000Z,Turndown,2003-11-06T00:00:00.000Z,1,0,0,1,2003101701,2003-10-12T00:00:00.000Z,6ce3aab5-d7bd-4cbf-b574-3d5b1b08eb47
3139,6,TX,Texas                         ,0,2003-11-21T00:00:00.000Z,Major Disaster,TX-Severe Storms and Tornadoes-11-17-2003,Severe Storm,2003-11-17T00:00:00.000Z,2003-11-18T00:00:00.000Z,Turndown,2003-12-04T00:00:00.000Z,1,0,0,1,2003111802,2003-11-17T00:00:00.000Z,344d2b4e-bf2c-45f5-832f-aabd82686468
3141,3,PA,Pennsylvania                  ,0,2003-12-05T00:00:00.000Z,Major Disaster,VA Severe Storms and Flooding 11/18/2003,Flood,2003-11-19T00:00:00.000Z,,Turndown,2004-02-10T00:00:00.000Z,1,0,0,1,2003112401,2003-11-18T00:00:00.000Z,58b50c31-b734-47e5-931f-f6184fbb6532
4010,3,WV,West Virginia                 ,0,2004-02-04T00:00:00.000Z,Major Disaster,WV Flood Jan 2004,Flood,2004-01-03T00:00:00.000Z,2004-01-30T00:00:00.000Z,Turndown,2004-03-04T00:00:00.000Z,0,0,1,1,2004021704,2004-01-03T00:00:00.000Z,05d753bc-3e29-4e2d-ae60-1baf2608dd2d
4013,10,WA,Washington                    ,0,2004-02-06T00:00:00.000Z,Major Disaster,RX-WA-Winter Storm,Severe Ice Storm,2004-01-06T00:00:00.000Z,2004-01-10T00:00:00.000Z,Turndown,2004-05-28T00:00:00.000Z,0,0,1,1,2004020401,2004-02-04T00:00:00.000Z,6ed2f5c4-1c90-43b8-b9c7-98bb36253845
4015,4,MS,Mississippi                   ,0,2004-03-19T00:00:00.000Z,Major Disaster,MS - Big Bay Lake Dam Failure,Dam/Levee Break,2004-03-12T00:00:00.000Z,2004-03-12T00:00:00.000Z,Turndown,2004-04-05T00:00:00.000Z,1,0,0,1,2004031501,2004-03-12T00:00:00.000Z,9bd47570-89a7-4d5e-93c3-7af09a392e40
4028,5,MI,Michigan                      ,0,2004-04-30T00:00:00.000Z,Major Disaster,MI-Emerald Ash Borer Infestation,Other,2004-04-30T00:00:00.000Z,,Turndown,2004-07-26T00:00:00.000Z,0,0,1,1,2004050301,2004-04-30T00:00:00.000Z,9c76a68c-b9ab-4bf9-8ec0-04a5c549b5e4
4030,6,LA,Louisiana                     ,0,2004-05-11T00:00:00.000Z,Major Disaster,LA-Flooding-4-25-04,Flood,2004-04-25T00:00:00.000Z,,Turndown,2004-08-18T00:00:00.000Z,1,0,0,1,2004042802,2004-04-25T00:00:00.000Z,0aa789d9-2f8f-4a5f-8706-ddcba979e633
4091,4,NC,North Carolina                ,0,2004-08-20T00:00:00.000Z,Major Disaster,Tropical Storm Bonnie and Hurricane Charley,Hurricane,2004-08-12T00:00:00.000Z,2004-08-15T00:00:00.000Z,Turndown,2004-12-01T00:00:00.000Z,1,0,1,1,2004081102,2004-08-11T00:00:00.000Z,57a658d7-7dc7-4dea-9753-5a2d22111e40
4101,5,OH,Ohio                          ,0,2004-09-07T00:00:00.000Z,Major Disaster,Severe Storms and Flooding,Flood,2004-08-27T00:00:00.000Z,2004-08-28T00:00:00.000Z,Turndown,2004-09-20T00:00:00.000Z,1,0,1,1,2004083002,2004-08-27T00:00:00.000Z,10875258-0b13-4b4a-9b49-052386e34108
4123,4,GA,Georgia                       ,0,2004-09-26T00:00:00.000Z,Major Disaster,Severe Storms & Flooding-remnants of Hur. Jeanne,Other,2004-09-26T00:00:00.000Z,,Turndown,2004-11-09T00:00:00.000Z,1,0,1,1,2004091501,2004-09-28T00:00:00.000Z,b802a204-bf74-4103-8fcd-730a0a4f67b1
4128,3,MD,Maryland                      ,0,2004-09-29T00:00:00.000Z,Major Disaster,Hurricane Ivan,Fire,2004-09-12T00:00:00.000Z,2004-09-23T00:00:00.000Z,Turndown,2004-10-18T00:00:00.000Z,1,0,0,1,2004090502,2004-09-14T00:00:00.000Z,3467acd4-1526-4cb1-8005-ce64ba5f135c
4132,7,IA,Iowa                          ,0,2004-10-04T00:00:00.000Z,Major Disaster,Severe storms and flooding,Severe Storm,2004-09-14T00:00:00.000Z,2004-09-21T00:00:00.000Z,Turndown,2004-11-05T00:00:00.000Z,1,0,0,1,2004091601,2004-09-14T00:00:00.000Z,ca6f6023-2a0e-45ee-8822-340eb7fab8fe
4136,6,LA,Louisiana                     ,0,2004-12-09T00:00:00.000Z,Major Disaster,Severe Storms and Tornadoes,Severe Storm,2004-11-23T00:00:00.000Z,2004-11-23T00:00:00.000Z,Turndown,2005-02-25T00:00:00.000Z,1,0,0,1,2004112902,2004-11-23T00:00:00.000Z,878b9103-2aaa-464c-9e5f-846f4310f4e3
4137,6,TX,Texas                         ,0,2004-12-09T00:00:00.000Z,Major Disaster,Severe Storms and Flooding,Severe Storm,2004-11-15T00:00:00.000Z,2004-12-04T00:00:00.000Z,Turndown,2004-12-29T00:00:00.000Z,1,0,0,1,2004112201,2004-11-15T00:00:00.000Z,9bb15bc5-8471-4ef3-9f38-880555a63486
5003,4,SC,South Carolina                ,0,2005-01-11T00:00:00.000Z,Emergency,Hazardous Material Spill,Chemical,2005-01-06T00:00:00.000Z,,Turndown,2005-02-09T00:00:00.000Z,0,0,1,0,2005011104,2005-01-06T00:00:00.000Z,05988e0e-8b07-4d34-8962-1d3197ee0ce3
5036,8,MT,Montana                       ,0,2005-05-02T00:00:00.000Z,Major Disaster,Severe Ice and Wind Storms,Severe Storm,2005-04-09T00:00:00.000Z,2005-04-10T00:00:00.000Z,Turndown,2005-08-08T00:00:00.000Z,0,0,1,1,2005041301,2005-04-09T00:00:00.000Z,3fa64337-c4f2-4909-93bc-3fe0e866aa38
5037,1,NH,New Hampshire                 ,0,2005-04-28T00:00:00.000Z,Major Disaster,"Severe Storms, Flooding, Snow Melt, and Ice Jams",Severe Storm,2005-04-01T00:00:00.000Z,2005-04-05T00:00:00.000Z,Turndown,2005-08-26T00:00:00.000Z,0,0,1,1,2005041201,2005-03-29T00:00:00.000Z,8179994b-89e3-46db-9d3a-7509bfac16a7
5044,1,MA,Massachusetts                 ,0,2005-06-10T00:00:00.000Z,Major Disaster,Red Tide,Fishing Losses,2005-04-27T00:00:00.000Z,,Turndown,2005-08-11T00:00:00.000Z,0,0,0,0,2005061302,2005-05-04T00:00:00.000Z,cea3a3b0-2654-4ffc-9517-79be15680d53
5052,1,ME,Maine                         ,0,2005-06-30T00:00:00.000Z,Major Disaster,Red Tide,Fishing Losses,2005-05-04T00:00:00.000Z,,Turndown,2005-07-27T00:00:00.000Z,0,0,0,0,2005061302,2005-05-04T00:00:00.000Z,a4a5faf3-804f-4b9a-a4e7-5b2f9dcb429d
5063,2,NY,New York                      ,0,2005-07-22T00:00:00.000Z,Major Disaster,Severe Storms and Flooding,Severe Storm,2005-06-06T00:00:00.000Z,2005-07-18T00:00:00.000Z,Turndown,2005-12-08T00:00:00.000Z,1,0,1,1,2005061401,2005-06-06T00:00:00.000Z,9dce3fa1-7da4-462c-875e-60d78560df7b
5064,2,NJ,New Jersey                    ,0,2005-07-21T00:00:00.000Z,Major Disaster,NJ - Severe Storms and Flooding,Severe Storm,2005-07-17T00:00:00.000Z,2005-07-17T00:00:00.000Z,Turndown,2005-10-03T00:00:00.000Z,1,0,0,1,2005072501,2005-07-17T00:00:00.000Z,a214862b-330f-4761-ad61-c6b4ba53c8fa
5072,1,NH,New Hampshire                 ,0,2005-08-04T00:00:00.000Z,Major Disaster,NH -- Rain and Flash Flooding,Flood,2005-06-06T00:00:00.000Z,2005-06-29T00:00:00.000Z,Turndown,2005-12-21T00:00:00.000Z,0,0,1,1,2005071201,2005-06-06T00:00:00.000Z,48610744-0687-438e-85bb-524ae818713b
5077,5,WI,Wisconsin                     ,0,2005-08-25T00:00:00.000Z,Major Disaster,"Severe Storms, Tornadoes, and Heavy Rains",Tornado,2005-08-18T00:00:00.000Z,2005-08-18T00:00:00.000Z,Turndown,2005-12-19T00:00:00.000Z,1,0,1,1,2005081901,2005-08-18T00:00:00.000Z,f14eface-1f27-4926-9a71-f6c5506148b2
5145,4,MS,Mississippi                   ,0,2005-10-12T00:00:00.000Z,Major Disaster,Hurricane Rita,Hurricane,2005-09-23T00:00:00.000Z,,Turndown,2005-11-04T00:00:00.000Z,1,0,1,1,2005091801,2005-09-23T00:00:00.000Z,3871c40c-1398-4641-8e43-4d069c5b40a6
5148,2,NJ,New Jersey                    ,0,2005-10-18T00:00:00.000Z,Major Disaster,Severe Storms and Flooding,Severe Storm,2005-10-07T00:00:00.000Z,2005-10-14T00:00:00.000Z,Turndown,2005-12-23T00:00:00.000Z,1,0,1,1,2005102001,2005-10-07T00:00:00.000Z,c88c0d71-790d-45ba-b6d5-090675f3043c
5159,7,IA,Iowa                          ,0,2005-11-21T00:00:00.000Z,Major Disaster,Severe Storms and Tornadoes,Tornado,2005-11-12T00:00:00.000Z,2005-11-12T00:00:00.000Z,Turndown,2005-12-13T00:00:00.000Z,1,0,0,0,2005111401,2005-11-12T00:00:00.000Z,701829ce-e56f-4288-a9d6-1885ee1eda3a
5160,2,NY,New York                      ,0,2005-11-23T00:00:00.000Z,Major Disaster,Severe Storms and Flooding,Severe Storm,2005-10-07T00:00:00.000Z,2005-10-17T00:00:00.000Z,Turndown,2006-02-28T00:00:00.000Z,1,0,1,1,2005102501,2005-10-07T00:00:00.000Z,fa1dd319-4a7b-43a4-89a5-6d56289e5b7a
5161,1,RI,Rhode Island                  ,0,2005-11-22T00:00:00.000Z,Major Disaster,Severe Storms and Flooding,Flood,2005-10-07T00:00:00.000Z,2005-10-15T00:00:00.000Z,Turndown,2006-02-03T00:00:00.000Z,1,0,0,1,2005102201,2005-10-07T00:00:00.000Z,06e6ca0d-949a-4236-a376-cb91fd0d8163
5162,5,IN,Indiana                       ,0,2005-12-03T00:00:00.000Z,Major Disaster,"Tornadoes, Severe Storms, and Flooding",Tornado,2005-11-15T00:00:00.000Z,2005-11-15T00:00:00.000Z,Turndown,2005-12-21T00:00:00.000Z,1,0,0,0,2005111602,2005-11-15T00:00:00.000Z,05e46ed4-a4b3-43ee-af3c-3caba7602f3e
6073,9,CA,California                    ,0,2006-02-26T00:00:00.000Z,Emergency,Threat of Levee Failure,Other,2005-12-29T00:00:00.000Z,,Turndown,2006-05-02T00:00:00.000Z,0,0,1,0,2006030401,2005-12-29T00:00:00.000Z,e9ad9804-96e3-42c4-8154-948aca1f5c4a
6078,4,KY,Kentucky                      ,0,2006-04-07T00:00:00.000Z,Major Disaster,Severe Storms and Tornadoes,Severe Storm,2006-04-02T00:00:00.000Z,2006-04-02T00:00:00.000Z,Turndown,2006-06-01T00:00:00.000Z,1,0,0,1,2006040401,2006-04-02T00:00:00.000Z,9966eff8-c7d4-429d-bcc8-a4e77eb511ad
6082,7,IA,Iowa                          ,0,2006-04-19T00:00:00.000Z,Major Disaster,"Severe Storms, Tornadoes, and Straight Line Winds",Severe Storm,2006-04-13T00:00:00.000Z,2006-04-14T00:00:00.000Z,Turndown,2006-08-08T00:00:00.000Z,1,0,1,1,2006041401,2006-04-13T00:00:00.000Z,fa850d6f-0f84-4244-89d4-7f8cb47c2867
6099,4,SC,South Carolina                ,0,2006-06-13T00:00:00.000Z,Emergency,Mill Fire,Fire,2006-06-06T00:00:00.000Z,2006-06-13T00:00:00.000Z,Turndown,2006-07-11T00:00:00.000Z,0,0,1,0,2006061401,2006-06-06T00:00:00.000Z,2fa41974-976a-47fe-a45e-37ac488e4d15
6120,6,NM,New Mexico                    ,0,2006-07-14T00:00:00.000Z,Major Disaster,Flash Flood,Flood,2006-06-22T00:00:00.000Z,2006-06-22T00:00:00.000Z,Turndown,2006-08-23T00:00:00.000Z,1,0,0,1,2006063001,2006-06-22T00:00:00.000Z,439218ef-2b1d-44aa-bc4f-18e81099acf9
6123,10,OR,Oregon                        ,0,2006-06-02T00:00:00.000Z,Major Disaster,Curtailment of the Salmon Fishing Season,Drought,2006-03-15T00:00:00.000Z,,Turndown,2006-08-14T00:00:00.000Z,0,0,0,1,2006071301,2006-03-15T00:00:00.000Z,e5a8421b-a823-4ce9-8eda-2978e7613da1
6127,1,CT,Connecticut                   ,0,2006-07-27T00:00:00.000Z,Major Disaster,Severe Storms and Flooding,Severe Storm,2006-06-02T00:00:00.000Z,2006-06-02T00:00:00.000Z,Turndown,2006-12-21T00:00:00.000Z,0,0,1,1,2006061903,2006-06-02T00:00:00.000Z,98c9bcc3-1b08-410b-b538-179531cf5be4
6128,5,IL,Illinois                      ,0,2006-07-26T00:00:00.000Z,Major Disaster,Severe Storms,Severe Storm,2006-07-19T00:00:00.000Z,2006-07-21T00:00:00.000Z,Turndown,2006-10-13T00:00:00.000Z,1,0,1,1,2006072503,2006-07-19T00:00:00.000Z,666acdfb-69fb-4993-be70-80ce88e37675
6150,6,TX,Texas                         ,0,2006-08-24T00:00:00.000Z,Major Disaster,Drought and Fire Hazard,Drought,2006-06-01T00:00:00.000Z,,Turndown,2006-10-03T00:00:00.000Z,1,0,1,1,2006083001,2006-06-01T00:00:00.000Z,8bdb8271-b85f-4e6e-ac0a-c2b10bbfc0eb
6153,5,IL,Illinois                      ,0,2006-09-11T00:00:00.000Z,Major Disaster,Severe Storms and Flooding,Severe Storm,2006-09-04T00:00:00.000Z,2006-09-04T00:00:00.000Z,Turndown,2006-12-29T00:00:00.000Z,1,0,0,1,2006090501,2006-09-04T00:00:00.000Z,6360c028-8f28-4a93-a2c2-beb513fd2bef
6158,7,MO,Missouri                      ,0,2006-09-28T00:00:00.000Z,Major Disaster,"Severe Storms, Tornadoes, and Flooding",Severe Storm,2006-09-22T00:00:00.000Z,2006-09-24T00:00:00.000Z,Turndown,2006-11-30T00:00:00.000Z,1,0,0,1,2006092401,2006-09-22T00:00:00.000Z,c48048d8-c633-48a3-84d6-8e2b0874178d
6168,6,TX,Texas                         ,0,2006-10-31T00:00:00.000Z,Major Disaster,Severe Storms and Flooding,Severe Storm,2006-10-15T00:00:00.000Z,,Turndown,2007-01-04T00:00:00.000Z,1,0,1,1,2006103101,2006-10-15T00:00:00.000Z,55197d85-5608-454b-8af8-3a4d04c4595a
7785,8,CO,Colorado                      ,0,2007-01-05T00:00:00.000Z,Emergency,Severe Winter Storms,Severe Storm,2006-12-18T00:00:00.000Z,2006-12-31T00:00:00.000Z,Turndown,2007-01-12T00:00:00.000Z,0,0,1,0,2007010602,2006-12-18T00:00:00.000Z,95570aba-b4cb-4d9c-b16b-28d1536fe1cd
7798,10,WA,Washington                    ,0,2007-02-05T00:00:00.000Z,Major Disaster,Windstorm,Severe Storm,2007-01-05T00:00:00.000Z,2007-01-07T00:00:00.000Z,Turndown,2007-03-02T00:00:00.000Z,0,0,1,1,2007013101,2007-01-05T00:00:00.000Z,92a7bc04-f2c9-4ef4-a8ee-d39de36c4bc6
7803,6,AR,Arkansas                      ,0,2007-02-27T00:00:00.000Z,Emergency,Severe Storms and Tornadoes,Severe Storm,2007-02-24T00:00:00.000Z,2007-02-24T00:00:00.000Z,Turndown,2007-03-08T00:00:00.000Z,0,0,0,0,2007022602,2007-02-24T00:00:00.000Z,797a5699-5bcd-46e8-8400-7e2087009720
7807,10,WA,Washington                    ,0,2007-03-06T00:00:00.000Z,Emergency,Landslide,Mud/Landslide,2007-02-05T00:00:00.000Z,,Turndown,2007-06-21T00:00:00.000Z,0,0,1,0,2007021602,2007-02-05T00:00:00.000Z,aa53d13f-dd46-43ae-b28a-daccd9847b9a
7819,6,TX,Texas                         ,0,2007-04-19T00:00:00.000Z,Major Disaster,TX Severe Storms & Flooding-3-29-07,Severe Storm,2007-03-29T00:00:00.000Z,2007-03-31T00:00:00.000Z,Turndown,2007-05-15T00:00:00.000Z,0,0,1,1,2007042302,2007-03-29T00:00:00.000Z,d723b482-295e-4c25-a47b-cbe21061a6f0
7841,4,FL,Florida                       ,0,2007-05-25T00:00:00.000Z,Emergency,FL Fires,Fire,2007-03-25T00:00:00.000Z,,Turndown,2007-06-27T00:00:00.000Z,0,0,1,0,2007052601,2007-03-25T00:00:00.000Z,978e030c-f073-4547-a557-eb30f33ad28c
7844,4,GA,Georgia                       ,0,2007-06-01T00:00:00.000Z,Emergency,GA Fires,Fire,2007-03-29T00:00:00.000Z,,Turndown,2007-06-27T00:00:00.000Z,0,0,1,0,2007060201,2007-03-29T00:00:00.000Z,10c2f83b-5abc-4f07-8338-a54f8c72d37c
7848,10,AK,Alaska                        ,0,2007-06-11T00:00:00.000Z,Major Disaster,AK-Flood Watch-01-26-2007,Flood,2007-01-25T00:00:00.000Z,2007-02-04T00:00:00.000Z,Turndown,2007-07-27T00:00:00.000Z,0,0,1,1,2007012603,2007-01-25T00:00:00.000Z,1fa318f6-7de6-4790-9619-61a33c507df3
7849,7,IA,Iowa                          ,0,2007-06-05T00:00:00.000Z,Major Disaster,IA- Severe Storms and Flooding,Severe Storm,2007-06-01T00:00:00.000Z,2007-06-01T00:00:00.000Z,Turndown,2007-06-22T00:00:00.000Z,1,0,1,1,2007062001,2007-06-01T00:00:00.000Z,c04dccc2-30ab-420b-b0e8-5ea660803234
7860,7,MO,Missouri                      ,0,2007-07-03T00:00:00.000Z,Major Disaster,Severe Storms and Flooding,Severe Storm,2007-06-04T00:00:00.000Z,,Turndown,2007-12-05T00:00:00.000Z,1,0,1,1,2007062602,2007-06-04T00:00:00.000Z,b77bcfab-1b62-49e3-9c05-19875920efed
7911,6,TX,Texas                         ,0,2007-09-20T00:00:00.000Z,Major Disaster,Hurricane Humberto,Hurricane,2007-09-13T00:00:00.000Z,2007-09-13T00:00:00.000Z,Turndown,2007-10-16T00:00:00.000Z,1,0,1,1,2007091703,2007-09-13T00:00:00.000Z,545b2021-423c-40c2-a197-910561496510
7913,4,GA,Georgia                       ,0,2007-10-20T00:00:00.000Z,Major Disaster,Drought Conditions,Drought,2007-09-28T00:00:00.000Z,,Turndown,2008-03-03T00:00:00.000Z,0,0,1,1,2007102205,2007-09-28T00:00:00.000Z,11b7f1d7-a114-4e4a-9350-eed09550c4d2
7926,5,IN,Indiana                       ,0,2007-11-02T00:00:00.000Z,Major Disaster,Severe Storms and a Tornado,Severe Storm,2007-10-18T00:00:00.000Z,2007-10-18T00:00:00.000Z,Turndown,2008-01-04T00:00:00.000Z,1,0,0,1,2007101901,2007-10-18T00:00:00.000Z,a34fcfc9-2c65-4311-9054-d07762451e96
8009,4,AL,Alabama                       ,0,2008-02-08T00:00:00.000Z,Major Disaster,"Severe Storms, Tornadoes, Straight-line Winds, an ",Severe Storm,2008-02-05T00:00:00.000Z,2008-02-06T00:00:00.000Z,Turndown,2008-03-24T00:00:00.000Z,1,0,1,1,2008020601,2008-02-05T00:00:00.000Z,96182e16-a61c-49c2-9114-8c972584787c
8022,6,AR,Arkansas                      ,0,2008-02-26T00:00:00.000Z,Emergency,Ft Chaffee Fire,Fire,2008-01-29T00:00:00.000Z,2008-01-29T00:00:00.000Z,Turndown,2008-05-14T00:00:00.000Z,0,0,1,0,2008022702,2008-01-29T00:00:00.000Z,7cd7ee35-6b1f-4697-a216-f62259af87d0
8046,4,SC,South Carolina                ,0,2008-03-24T00:00:00.000Z,Major Disaster,Severe Storms and Tornadoes,Tornado,2008-03-15T00:00:00.000Z,2008-03-15T00:00:00.000Z,Turndown,2008-04-01T00:00:00.000Z,1,0,0,1,2008032501,2008-03-15T00:00:00.000Z,6f1a725d-8a09-4bfd-b1a4-f2dc83ad13d8
8049,1,ME,Maine                         ,0,2008-03-28T00:00:00.000Z,Emergency,Record Snowfall,Snowstorm,2008-03-19T00:00:00.000Z,2008-03-22T00:00:00.000Z,Turndown,2008-05-21T00:00:00.000Z,0,0,1,0,2008032801,2008-03-19T00:00:00.000Z,17e96bef-2405-4abf-83a5-40035d74f2df
8052,5,IL,Illinois                      ,0,2008-04-08T00:00:00.000Z,Major Disaster,Severe Storms and Flooding,Flood,2008-03-17T00:00:00.000Z,,Turndown,2008-08-20T00:00:00.000Z,1,0,0,1,2008032001,2008-03-17T00:00:00.000Z,66fd2078-35dc-4f6b-86a0-0f2a30dae7ad
8055,9,CA,California                    ,0,2008-02-19T00:00:00.000Z,Emergency,Martin's Ferry Bridge,Other,2007-12-03T00:00:00.000Z,2008-06-01T00:00:00.000Z,Turndown,2008-04-30T00:00:00.000Z,0,0,1,0,2008011701,2008-01-17T00:00:00.000Z,9056f3d6-12c5-448d-8ee2-6aae820f0308
8070,7,MO,Missouri                      ,0,2008-05-15T00:00:00.000Z,Major Disaster,Severe storms and tornadoes,Severe Storm,2008-05-01T00:00:00.000Z,2008-05-03T00:00:00.000Z,Turndown,2008-06-20T00:00:00.000Z,1,0,1,1,2008050802,2008-05-01T00:00:00.000Z,512d67f1-9691-4e9f-a8f9-681b518a3075
8081,6,LA,Louisiana                     ,0,2008-06-03T00:00:00.000Z,Major Disaster,"Severe Storms, Tornadoes, and Flooding",Severe Storm,2008-05-13T00:00:00.000Z,2008-05-15T00:00:00.000Z,Turndown,2008-08-08T00:00:00.000Z,1,0,0,1,2008051901,2008-05-13T00:00:00.000Z,992d006b-b7f9-4c19-a7a9-6edc1b0ad616
8088,4,GA,Georgia                       ,0,2008-05-28T00:00:00.000Z,Major Disaster,Cherokee County Tornado,Tornado,2008-05-20T00:00:00.000Z,2008-05-20T00:00:00.000Z,Turndown,2008-07-23T00:00:00.000Z,1,0,1,1,2008061301,2008-05-20T00:00:00.000Z,9b737bbd-cc80-4224-9086-c1e2bec8a367
8113,10,OR,Oregon                        ,0,2008-05-30T00:00:00.000Z,Major Disaster,OR-Fishery Closure-06-06-2008,Fishing Losses,2008-03-15T00:00:00.000Z,,Turndown,2008-07-11T00:00:00.000Z,0,0,0,1,2008060601,2008-03-15T00:00:00.000Z,ba9c9834-1e70-4b9a-9f78-8dacbfafd3d1
8128,9,CA,California                    ,0,2008-08-19T00:00:00.000Z,Major Disaster,Wildfires,Fire,2008-05-22T00:00:00.000Z,,Turndown,2008-10-23T00:00:00.000Z,1,0,1,1,2008062201,2008-06-20T00:00:00.000Z,e31c9e5a-4dc3-4655-92c8-ccd01eda0ede
8130,6,TX,Texas                         ,0,2008-08-22T00:00:00.000Z,Major Disaster,Severe Storms and Flooding,Severe Storm,2008-08-18T00:00:00.000Z,,Turndown,2008-10-23T00:00:00.000Z,1,0,1,1,2008082201,2008-08-18T00:00:00.000Z,8d338116-6dde-4806-931f-f5556cf51cbf
8136,4,FL,Florida                       ,0,2008-08-31T00:00:00.000Z,Emergency,Hurricane Gustav,Hurricane,2008-08-31T00:00:00.000Z,,Turndown,2008-09-22T00:00:00.000Z,0,0,1,0,2008082602,2008-08-29T00:00:00.000Z,6ae71bf2-0f36-4d10-a15e-69d369a62e59
8150,4,AL,Alabama                       ,0,2008-09-12T00:00:00.000Z,Emergency,Hurricane Ike,Hurricane,2008-09-12T00:00:00.000Z,,Turndown,2008-09-26T00:00:00.000Z,0,0,1,0,2008090202,2008-09-14T00:00:00.000Z,9e62cf82-f145-4818-84c7-3466d70427bb
8152,6,TX,Texas                         ,0,2008-09-18T00:00:00.000Z,Emergency,Severe Storms and Flooding,Severe Storm,2008-09-12T00:00:00.000Z,,Turndown,2008-10-06T00:00:00.000Z,0,0,1,0,2008091803,2008-09-12T00:00:00.000Z,2f7166e1-f980-49c6-9790-996218e14839
8155,4,MS,Mississippi                   ,0,2008-09-08T00:00:00.000Z,Emergency,Hurricane Ike,Hurricane,2008-09-08T00:00:00.000Z,,Turndown,2008-09-22T00:00:00.000Z,0,0,1,0,2008090202,2008-09-14T00:00:00.000Z,7500066a-9a04-4257-b1bb-cd26a30625b3
8164,6,OK,Oklahoma                      ,0,2008-09-18T00:00:00.000Z,Major Disaster,OK-Severe Storms-TS Lowel 9/11/2008(2),Severe Storm,2008-09-11T00:00:00.000Z,2008-09-19T00:00:00.000Z,Turndown,2008-10-06T00:00:00.000Z,1,0,0,1,2008100201,2008-09-11T00:00:00.000Z,2ee987fc-80cd-4b3a-87f2-850d1f87803c
8165,9,FM,Federated States of Micronesia,0,2008-07-31T00:00:00.000Z,Major Disaster,High Tides and Drought,Other,2008-03-11T00:00:00.000Z,,Turndown,2008-10-06T00:00:00.000Z,0,0,0,0,2008031101,2008-03-11T00:00:00.000Z,5182dcb7-d0e6-4fc3-baef-a1b96b42f33f
8167,4,FL,Florida                       ,0,2008-10-07T00:00:00.000Z,Major Disaster,Hurricane Ike,Hurricane,2008-09-08T00:00:00.000Z,2008-09-12T00:00:00.000Z,Turndown,2008-12-18T00:00:00.000Z,0,0,1,1,2008100804,2008-09-08T00:00:00.000Z,481b88b1-84da-4396-b751-a4472e676587
8174,4,NC,North Carolina                ,0,2008-10-24T00:00:00.000Z,Major Disaster,94L Non-Tropical Low,Coastal Storm,2008-09-24T00:00:00.000Z,2008-09-28T00:00:00.000Z,Turndown,2008-11-05T00:00:00.000Z,0,0,1,0,2008092901,2008-09-25T00:00:00.000Z,92e8c068-9241-4674-a535-4983aceab4b3
9006,3,MD,Maryland                      ,0,2009-01-09T00:00:00.000Z,Emergency,56th Presidential Inauguration,Other,2009-01-17T00:00:00.000Z,2009-01-21T00:00:00.000Z,Turndown,2009-04-10T00:00:00.000Z,0,0,1,0,2009010801,2009-01-17T00:00:00.000Z,3fb3b920-6db6-4fe8-b80d-f600f3960c8b
9008,3,VA,Virginia                      ,0,2009-01-13T00:00:00.000Z,Emergency,56th Presidential Inauguration,Other,2009-01-17T00:00:00.000Z,2009-01-21T00:00:00.000Z,Turndown,2009-04-10T00:00:00.000Z,0,0,1,0,2009010801,2009-01-17T00:00:00.000Z,45436b0a-abe1-4de3-b36e-e8ad77bbcc83
9022,6,TX,Texas                         ,0,2009-02-25T00:00:00.000Z,Emergency,Extreme Fire Hazard,Fire,2009-01-16T00:00:00.000Z,,Turndown,2009-05-06T00:00:00.000Z,0,0,1,0,2009022501,2009-01-16T00:00:00.000Z,2cfcf482-570a-41dc-9c9d-814ecfe6ff51
9027,8,ND,North Dakota                  ,0,2009-02-19T00:00:00.000Z,Emergency,Snow,Snowstorm,2008-11-04T00:00:00.000Z,,Turndown,2009-05-20T00:00:00.000Z,0,0,1,0,2009030301,2008-11-04T00:00:00.000Z,4f9f3bbf-3ec5-437e-b405-f128cf1c0fdb
9056,6,TX,Texas                         ,0,2009-04-16T00:00:00.000Z,Major Disaster,Wildfires,Fire,2009-04-07T00:00:00.000Z,,Turndown,2009-05-08T00:00:00.000Z,1,0,1,1,2009041702,2009-04-07T00:00:00.000Z,0bca39c4-3ebb-4d16-a244-f6da5d1c9b43
9076,6,OK,Oklahoma                      ,0,2009-05-21T00:00:00.000Z,Major Disaster,"Severe Storms, Tornadoes, and Flooding",Severe Storm,2009-04-25T00:00:00.000Z,2009-05-16T00:00:00.000Z,Turndown,2009-09-02T00:00:00.000Z,0,0,1,1,2009052601,2009-04-25T00:00:00.000Z,df071408-f2e2-4686-82a6-8272794036af
9082,3,PA,Pennsylvania                  ,0,2009-06-29T00:00:00.000Z,Major Disaster,Severe Storms and Flooding,Flood,2009-05-28T00:00:00.000Z,,Turndown,2009-09-03T00:00:00.000Z,1,0,0,1,2009062601,2009-05-28T00:00:00.000Z,9cc084d7-b005-439d-895e-e83a790a502f
9085,9,CA,California                    ,0,2009-06-19T00:00:00.000Z,Major Disaster,Drought,Drought,2009-04-14T00:00:00.000Z,,Turndown,2009-10-19T00:00:00.000Z,0,0,0,0,2009071001,2009-06-19T00:00:00.000Z,b20fbf7f-d350-46c7-b960-5abb61180627
9095,6,TX,Texas                         ,0,2009-08-18T00:00:00.000Z,Emergency,Extreme Fire Hazard,Fire,2009-07-15T00:00:00.000Z,,Turndown,2009-09-16T00:00:00.000Z,0,0,1,0,2009082501,2009-07-15T00:00:00.000Z,10cf00c3-9877-4dd3-9563-ffe1100fd41a
9109,5,IN,Indiana                       ,0,2009-09-09T00:00:00.000Z,Major Disaster,Severe Storms and Flooding,Severe Storm,2009-08-04T00:00:00.000Z,2009-08-09T00:00:00.000Z,Turndown,2009-11-03T00:00:00.000Z,1,0,1,1,2009082401,2009-08-04T00:00:00.000Z,831c790a-087d-4527-9e6f-479749a4b200
9117,9,AZ,Arizona                       ,0,2008-10-06T00:00:00.000Z,Major Disaster,AZ-Havasupai Flood-08-17-2008,Flood,2008-08-17T00:00:00.000Z,,Turndown,2009-12-04T00:00:00.000Z,0,0,1,1,2008102201,2008-08-17T00:00:00.000Z,354baf75-beaf-4cf4-8e68-815e97c3036a
10007,4,AL,Alabama                       ,0,2010-02-01T00:00:00.000Z,Major Disaster,Subfreezing Temperatures,Freezing,2010-01-07T00:00:00.000Z,2010-01-12T00:00:00.000Z,Turndown,2010-04-28T00:00:00.000Z,0,0,1,1,2010020101,2010-01-07T00:00:00.000Z,cb01a138-a19f-455c-be64-af3c5dd2d15e
10009,2,NY,New York                      ,0,2010-02-02T00:00:00.000Z,Major Disaster,Snowstorm,Snowstorm,2009-12-18T00:00:00.000Z,2009-12-20T00:00:00.000Z,Turndown,2010-05-10T00:00:00.000Z,0,0,1,1,2010011901,2009-12-19T00:00:00.000Z,d19cbf9e-ba38-4e8b-ac30-dc89a457dfc5
10034,4,FL,Florida                       ,0,2010-03-18T00:00:00.000Z,Major Disaster,Subfreezing Temperatures,Freezing,2010-01-02T00:00:00.000Z,2010-02-01T00:00:00.000Z,Turndown,2010-04-16T00:00:00.000Z,1,0,0,0,2010032201,2010-01-02T00:00:00.000Z,28eeb3dd-d48b-4da1-8401-16b1ad2a6ded
10056,6,LA,Louisiana                     ,0,2010-05-07T00:00:00.000Z,Major Disaster,Tornado ,Severe Storm,2010-04-24T00:00:00.000Z,2010-04-24T00:00:00.000Z,Turndown,2010-07-23T00:00:00.000Z,1,0,1,1,2010050401,2010-04-24T00:00:00.000Z,45dd133c-1408-4934-a4e6-35e616539a97
10057,6,AR,Arkansas                      ,0,2010-05-10T00:00:00.000Z,Major Disaster,"Severe Storms, Tornadoes, and Flooding",Severe Storm,2010-04-30T00:00:00.000Z,,Turndown,2010-05-20T00:00:00.000Z,1,0,0,1,2010050402,2010-04-30T00:00:00.000Z,83ce758f-51b2-4faf-a496-2635a93eff52
10063,5,OH,Ohio                          ,0,2010-06-09T00:00:00.000Z,Major Disaster,OH-Tornado-06062010,Tornado,2010-06-05T00:00:00.000Z,2010-06-06T00:00:00.000Z,Turndown,2010-07-30T00:00:00.000Z,1,0,1,1,2010060601,2010-06-06T00:00:00.000Z,84e5142f-b1a8-4865-a5a1-7ec51a4e9a47
10065,5,IL,Illinois                      ,0,2010-06-18T00:00:00.000Z,Major Disaster,Severe Storms and Tornadoes,Tornado,2010-06-05T00:00:00.000Z,2010-06-05T00:00:00.000Z,Turndown,2010-06-29T00:00:00.000Z,1,0,0,1,2010060602,2010-06-05T00:00:00.000Z,6abaf6c5-3930-45ca-897f-b7ef758c1ff9
10077,6,OK,Oklahoma                      ,0,2010-07-19T00:00:00.000Z,Major Disaster,"Tornadoes, Severe Storms, and Flooding",Severe Storm,2010-07-06T00:00:00.000Z,2010-07-12T00:00:00.000Z,Turndown,2010-07-28T00:00:00.000Z,1,0,0,1,2010070901,2010-07-06T00:00:00.000Z,b35bb56d-1856-44a8-b93e-9fbf01a46828
10098,1,RI,Rhode Island                  ,0,2010-09-02T00:00:00.000Z,Emergency,Hurricane Earl,Hurricane,2010-08-30T00:00:00.000Z,,Turndown,2010-11-03T00:00:00.000Z,0,0,1,0,2010083102,2010-09-01T00:00:00.000Z,13787316-74f7-42e0-9d28-ce3f6a49ae26
10100,1,CT,Connecticut                   ,0,2010-08-20T00:00:00.000Z,Major Disaster,Severe Storm and Tornado,Tornado,2010-06-24T00:00:00.000Z,2010-06-24T00:00:00.000Z,Turndown,2010-10-08T00:00:00.000Z,1,0,1,1,2010062801,2010-06-24T00:00:00.000Z,8d09fc99-5143-42d0-8b82-0633e7f3373c
10110,6,TX,Texas                         ,0,2010-09-20T00:00:00.000Z,Major Disaster,Trop Storm Hermine ,Other,2010-09-06T00:00:00.000Z,2010-09-10T00:00:00.000Z,Turndown,2010-11-05T00:00:00.000Z,1,0,1,1,2010090701,2010-09-06T00:00:00.000Z,82dc58e3-1ad9-4c9a-8c22-30a18882e00b
10111,9,CA,California                    ,0,2010-09-15T00:00:00.000Z,Major Disaster,Explosions and Fires,Fire,2010-09-09T00:00:00.000Z,2010-09-11T00:00:00.000Z,Turndown,2010-10-28T00:00:00.000Z,1,0,1,1,2010091001,2010-09-09T00:00:00.000Z,5be1a51b-20a8-4a6d-8257-38ba2bd272fc
11001,7,MO,Missouri                      ,0,2011-01-14T00:00:00.000Z,Major Disaster,Severe Storms and Tornadoes,Severe Storm,2010-12-30T00:00:00.000Z,2010-12-31T00:00:00.000Z,Turndown,2011-01-26T00:00:00.000Z,1,0,0,1,2011010101,2010-12-30T00:00:00.000Z,db4ac1b3-eb67-407f-8699-28235681b429
11009,10,WA,Washington                    ,0,2011-02-14T00:00:00.000Z,Major Disaster,"Severe Winter Storm, Flooding, Landslides, and Mud",Severe Storm,2010-12-08T00:00:00.000Z,2010-12-18T00:00:00.000Z,Turndown,2011-05-17T00:00:00.000Z,0,0,1,1,2011010401,2010-12-08T00:00:00.000Z,0ed8f2b0-a36a-49b0-bb8e-13415912abf1
11024,5,IN,Indiana                       ,0,2011-03-14T00:00:00.000Z,Major Disaster,Severe Winter Storm,Severe Storm,2011-01-31T00:00:00.000Z,2011-02-04T00:00:00.000Z,Turndown,2011-04-20T00:00:00.000Z,0,0,1,1,2011020101,2011-01-31T00:00:00.000Z,a58f39fa-871b-48dc-80f5-1ee342670e18
11030,6,LA,Louisiana                     ,0,2011-03-18T00:00:00.000Z,Major Disaster,Tornado,Tornado,2011-03-05T00:00:00.000Z,2011-03-05T00:00:00.000Z,Turndown,2011-05-10T00:00:00.000Z,1,0,1,1,2011031501,2011-03-05T00:00:00.000Z,6005b359-a266-46a9-8dc1-e84f6d49facb
11041,4,MS,Mississippi                   ,0,2011-03-31T00:00:00.000Z,Major Disaster,Severe Storms and Flooding,Severe Storm,2011-03-08T00:00:00.000Z,2011-03-09T00:00:00.000Z,Turndown,2011-04-08T00:00:00.000Z,1,0,0,0,2011031001,2011-03-08T00:00:00.000Z,b84323ef-5a4e-44c3-bccb-88003061c9b8
11050,2,NJ,New Jersey                    ,0,2011-03-31T00:00:00.000Z,Major Disaster,Severe Storms and Flooding,Severe Storm,2011-03-10T00:00:00.000Z,2011-03-17T00:00:00.000Z,Turndown,2011-05-31T00:00:00.000Z,1,0,1,1,2011031002,2011-03-10T00:00:00.000Z,78c72708-d7ae-4c89-b512-119733a9fdf4
11068,4,AL,Alabama                       ,0,2011-04-19T00:00:00.000Z,Major Disaster,"Severe Storms, Tornadoes, and Flooding",Severe Storm,2011-04-15T00:00:00.000Z,2011-04-16T00:00:00.000Z,Turndown,2011-04-22T00:00:00.000Z,1,0,0,1,2011041701,2011-04-15T00:00:00.000Z,3633d014-42b9-4372-b82e-49c129611c7f
11073,10,WA,Washington                    ,0,2011-03-25T00:00:00.000Z,Major Disaster,WA-White Swan Fire 02-12-2011,Fire,2011-02-12T00:00:00.000Z,2011-02-13T00:00:00.000Z,Turndown,2011-07-01T00:00:00.000Z,1,0,1,1,2011022502,2011-02-12T00:00:00.000Z,a40f848f-7056-4020-a504-903575a2b7b2
11075,3,VA,Virginia                      ,0,2011-04-18T00:00:00.000Z,Major Disaster,"Severe Storms, Tornadoes, and  Flooding",Severe Storm,2011-04-08T00:00:00.000Z,2011-04-08T00:00:00.000Z,Turndown,2011-06-23T00:00:00.000Z,1,0,0,1,2011041103,2011-04-08T00:00:00.000Z,18a04e11-5916-4eb8-aa2f-1d08bf306c6e
11111,9,CA,California                    ,0,2011-04-22T00:00:00.000Z,Major Disaster,"Severe Storms, Flooding, and Debris and Mud Flows",Severe Storm,2011-03-15T00:00:00.000Z,2011-03-27T00:00:00.000Z,Turndown,2011-08-04T00:00:00.000Z,0,0,1,1,2011052401,2011-03-15T00:00:00.000Z,75d76cc4-081f-4eab-ac3a-645a354f01ec
11164,2,NY,New York                      ,0,2011-07-13T00:00:00.000Z,Major Disaster,Severe Storms and Flooding,Severe Storm,2011-05-13T00:00:00.000Z,2011-05-31T00:00:00.000Z,Turndown,2011-11-23T00:00:00.000Z,0,0,1,1,2011071501,2011-05-09T00:00:00.000Z,f4012c5c-197e-4de8-8d84-16dd8b973847
11205,5,IL,Illinois                      ,0,2011-08-26T00:00:00.000Z,Major Disaster,Severe Storms and Flooding,Severe Storm,2011-07-27T00:00:00.000Z,2011-07-28T00:00:00.000Z,Turndown,2011-09-09T00:00:00.000Z,0,0,1,1,2011083103,2011-07-27T00:00:00.000Z,617fc1d9-3827-47f0-b0d4-e1953f5b18cf
11232,3,MD,Maryland                      ,0,2011-09-08T00:00:00.000Z,Emergency,Remnants of Tropical Storm Lee,Severe Storm,2011-09-03T00:00:00.000Z,,Turndown,2011-11-10T00:00:00.000Z,0,0,1,0,2011090802,2011-09-08T00:00:00.000Z,536ced33-c020-400b-9067-a1e7c95a9eba
11245,7,NE,Nebraska                      ,0,2011-09-15T00:00:00.000Z,Major Disaster,Severe Storms and Flooding,Severe Storm,2011-08-18T00:00:00.000Z,2011-08-22T00:00:00.000Z,Turndown,2011-11-09T00:00:00.000Z,0,0,1,1,2011091505,2011-08-18T00:00:00.000Z,a3d087b9-ad6f-4d5d-8dc5-22a13f512ec5
11253,3,VA,Virginia                      ,0,2011-10-08T00:00:00.000Z,Major Disaster,Remnants of Tropical Storm Lee,Severe Storm,2011-09-08T00:00:00.000Z,2011-09-09T00:00:00.000Z,Turndown,2011-11-04T00:00:00.000Z,1,0,1,1,2011090802,2011-09-08T00:00:00.000Z,0acc7db6-49a4-4104-b974-7226798fd2db
11264,6,OK,Oklahoma                      ,0,2011-11-21T00:00:00.000Z,Major Disaster,Earthquakes,Earthquake,2011-11-05T00:00:00.000Z,,Turndown,2011-11-30T00:00:00.000Z,1,0,0,1,2011112201,2011-11-05T00:00:00.000Z,4796cffb-7447-4f70-92f8-d1a20b9ef6ad
12008,7,MO,Missouri                      ,0,2012-03-07T00:00:00.000Z,Major Disaster,"Severe Storms, Straight-line Winds, and Tornadoes",Severe Storm,2012-02-28T00:00:00.000Z,2012-03-01T00:00:00.000Z,Turndown,2012-03-12T00:00:00.000Z,1,0,0,1,2012022902,2012-02-28T00:00:00.000Z,a097476f-15ca-4a5f-ad5c-f29084fa328b
12010,5,IL,Illinois                      ,0,2012-03-07T00:00:00.000Z,Major Disaster,Severe Storms and Tornadoes,Tornado,2012-02-29T00:00:00.000Z,2012-03-02T00:00:00.000Z,Turndown,2012-03-21T00:00:00.000Z,1,0,0,1,2012030601,2012-02-29T00:00:00.000Z,89b6de79-a912-4302-a9d2-62123245b26c
12011,5,OH,Ohio                          ,0,2012-03-07T00:00:00.000Z,Major Disaster,Severe Storms and Tornado,Severe Storm,2012-03-02T00:00:00.000Z,2012-03-02T00:00:00.000Z,Turndown,2012-03-09T00:00:00.000Z,1,0,0,1,2012030602,2012-03-02T00:00:00.000Z,e3fa3896-4792-44fa-9131-a4161cd74b84
12018,6,OK,Oklahoma                      ,0,2012-04-18T00:00:00.000Z,Major Disaster,"Severe Storms, Tornadoes, and Straight-line Winds",Severe Storm,2012-04-13T00:00:00.000Z,,Turndown,2012-04-20T00:00:00.000Z,1,0,0,1,2012041601,2012-04-13T00:00:00.000Z,b622a970-b068-4b5e-a38c-fc1d06304892
12019,6,LA,Louisiana                     ,0,2012-04-26T00:00:00.000Z,Major Disaster,Severe Storms and Flooding,Severe Storm,2012-03-11T00:00:00.000Z,2012-03-12T00:00:00.000Z,Turndown,2012-05-08T00:00:00.000Z,1,0,1,1,2012041201,2012-03-11T00:00:00.000Z,a60e19eb-567b-446e-b26d-958234e46fc7
12021,6,LA,Louisiana                     ,0,2012-05-01T00:00:00.000Z,Major Disaster,"Severe Storms, Tornadoes, and Flooding",Severe Storm,2012-03-20T00:00:00.000Z,2012-03-22T00:00:00.000Z,Turndown,2012-05-08T00:00:00.000Z,1,0,1,1,2012041202,2012-03-20T00:00:00.000Z,80f66a86-39ea-424e-8c55-db5469bb6c82
12025,5,MI,Michigan                      ,0,2012-06-01T00:00:00.000Z,Major Disaster,MI - Severe Storms and Flooding,Flood,2012-05-03T00:00:00.000Z,2012-05-05T00:00:00.000Z,Turndown,2012-06-08T00:00:00.000Z,1,0,0,1,2012051801,2012-05-03T00:00:00.000Z,43f8818c-0940-4a18-aa11-1a34c4d6a550
12044,4,FL,Florida                       ,0,2012-06-30T00:00:00.000Z,Major Disaster,Severe Storms and Flooding,Severe Storm,2012-06-09T00:00:00.000Z,2012-06-11T00:00:00.000Z,Turndown,2012-08-13T00:00:00.000Z,1,0,0,1,2012070101,2012-06-09T00:00:00.000Z,6c95c63e-8f85-4ba5-bdd1-c3bfe458c91c
12079,7,NE,Nebraska                      ,0,2012-08-28T00:00:00.000Z,Major Disaster,Region 24 Fire Complex ,Fire,2012-07-20T00:00:00.000Z,2012-07-29T00:00:00.000Z,Turndown,2012-11-09T00:00:00.000Z,0,0,1,1,2012080202,2012-07-20T00:00:00.000Z,90298ef6-027d-4c5a-8824-9f2e65d518ce
12097,6,OK,Oklahoma                      ,0,2012-09-27T00:00:00.000Z,Major Disaster,Wildfires,Fire,2012-07-28T00:00:00.000Z,2012-08-14T00:00:00.000Z,Turndown,2012-10-15T00:00:00.000Z,0,0,1,1,2012080602,2012-07-28T00:00:00.000Z,49ed97e3-a218-4a66-8817-4da805c85c39
12118,4,FL,Florida                       ,0,2012-11-01T00:00:00.000Z,Major Disaster,Hurricane Sandy,Hurricane,2012-10-24T00:00:00.000Z,,Turndown,2013-01-17T00:00:00.000Z,0,0,1,1,2012102505,2012-10-27T00:00:00.000Z,57f2d806-845f-493e-8eaf-ef546a43a393
13016,6,TX,Texas                         ,0,2013-04-22T00:00:00.000Z,Major Disaster,Explosion,Other,2013-04-17T00:00:00.000Z,2013-04-23T00:00:00.000Z,Turndown,2013-06-10T00:00:00.000Z,1,0,1,1,2013041901,2013-04-17T00:00:00.000Z,909e288e-f15c-4fde-a21c-924fd1b5001a
13057,9,AZ,Arizona                       ,0,2013-07-12T00:00:00.000Z,Major Disaster,Yarnell Hill Fire,Fire,2013-06-28T00:00:00.000Z,,Turndown,2013-09-13T00:00:00.000Z,1,0,0,1,2013063001,2013-06-30T00:00:00.000Z,e918ab35-72a5-452d-b3ce-64346c6c3efd
13061,9,AZ,Arizona                       ,1,2013-05-03T00:00:00.000Z,Major Disaster,San Carlos Apache Tribe Power Outage,Other,2013-05-02T00:00:00.000Z,2013-05-04T00:00:00.000Z,Turndown,2013-08-05T00:00:00.000Z,0,0,1,1,2013062101,2013-05-02T00:00:00.000Z,63675d99-d08c-4bdc-9957-fdacf0ad5112
13089,8,SD,South Dakota                  ,1,2013-09-10T00:00:00.000Z,Major Disaster,SD - Severe Storms ,Severe Storm,2013-07-30T00:00:00.000Z,2013-07-31T00:00:00.000Z,Turndown,2013-12-12T00:00:00.000Z,0,0,0,0,2013081601,2013-07-30T00:00:00.000Z,fd8a8809-af60-43a9-a90a-496fe796381a
13093,9,AZ,Arizona                       ,0,2013-10-10T00:00:00.000Z,Major Disaster,Flooding,Flood,2013-09-13T00:00:00.000Z,2013-09-17T00:00:00.000Z,Turndown,2013-11-01T00:00:00.000Z,0,0,1,1,2013102403,2013-09-13T00:00:00.000Z,81829793-9dba-4d82-8e88-d1d119172676
13099,5,IN,Indiana                       ,0,2013-12-04T00:00:00.000Z,Major Disaster,"Severe Storms, Straight-line Winds, and Tornadoes",Severe Storm,2013-11-17T00:00:00.000Z,2013-11-17T00:00:00.000Z,Turndown,2014-01-07T00:00:00.000Z,1,0,0,1,2013111702,2013-11-17T00:00:00.000Z,2109503c-208f-4c2a-a978-b997a57eac6e
14007,6,TX,Texas                         ,0,2014-01-17T00:00:00.000Z,Major Disaster,Severe Winter Storm,Severe Storm,2013-12-05T00:00:00.000Z,2013-12-09T00:00:00.000Z,Turndown,2014-04-15T00:00:00.000Z,0,0,1,1,2014012202,2013-12-05T00:00:00.000Z,3790cabf-db4c-4cec-9bfc-cf5df37ec9bb
14012,1,CT,Connecticut                   ,0,2014-02-14T00:00:00.000Z,Emergency,Region 1  2-13-2014 Severe Winter Storm ,Severe Storm,2014-02-13T00:00:00.000Z,2014-02-17T00:00:00.000Z,Turndown,2014-02-17T00:00:00.000Z,0,0,1,0,2014021501,2014-02-13T00:00:00.000Z,ef7d8b0e-c7af-46c3-ab50-a8e4dad3e150
14017,1,ME,Maine                         ,0,2014-02-21T00:00:00.000Z,Major Disaster,Severe Winter Storms,Severe Ice Storm,2013-12-20T00:00:00.000Z,2014-01-01T00:00:00.000Z,Turndown,2014-03-12T00:00:00.000Z,0,0,1,1,2013122601,2013-12-20T00:00:00.000Z,e1b18b46-ea05-4275-9385-231f9c3c8073
14018,3,WV,West Virginia                 ,0,2014-03-21T00:00:00.000Z,Major Disaster,Chemical Spill,Chemical,2014-01-09T00:00:00.000Z,2014-01-20T00:00:00.000Z,Turndown,2014-05-20T00:00:00.000Z,0,0,1,1,2014011002,2014-01-09T00:00:00.000Z,a898744c-58f7-463d-8aa9-05ce9e0a9d17
14031,4,NC,North Carolina                ,0,2014-05-02T00:00:00.000Z,Major Disaster,"Severe Storms, Tornadoes, Straight-line Winds, and",Severe Storm,2014-04-25T00:00:00.000Z,2014-04-26T00:00:00.000Z,Turndown,2014-05-09T00:00:00.000Z,1,0,0,1,2014042501,2014-04-28T00:00:00.000Z,6b65271a-395a-4461-9fde-af6164dce61f
14037,1,NH,New Hampshire                 ,0,2014-05-21T00:00:00.000Z,Major Disaster,Severe Storms and Flooding,Flood,2014-04-15T00:00:00.000Z,2014-04-16T00:00:00.000Z,Turndown,2014-07-17T00:00:00.000Z,0,0,1,1,2014041501,2014-04-15T00:00:00.000Z,7c713e7e-da0d-4c84-90e7-06927ef29ec1
14047,8,SD,South Dakota                  ,0,2014-07-02T00:00:00.000Z,Major Disaster,"Severe Storms, Tornadoes, and Flooding",Flood,2014-06-13T00:00:00.000Z,2014-06-20T00:00:00.000Z,Turndown,2014-07-10T00:00:00.000Z,1,0,0,1,2014061801,2014-06-13T00:00:00.000Z,0b474f3c-3618-4c57-801b-08ff2269001b
14056,5,WI,Wisconsin                     ,0,2014-07-23T00:00:00.000Z,Major Disaster,Extreme Cold and Deep Freeze,Freezing,2014-01-01T00:00:00.000Z,2014-04-07T00:00:00.000Z,Turndown,2014-09-04T00:00:00.000Z,0,0,1,1,2014072202,2014-01-01T00:00:00.000Z,09070be6-ba18-4f39-ae03-3f02f5c7ed97
14075,9,HI,Hawaii                        ,0,2014-08-21T00:00:00.000Z,Major Disaster,Tropical Storm Iselle,Hurricane,2014-08-07T00:00:00.000Z,2014-08-09T00:00:00.000Z,Turndown,2014-10-16T00:00:00.000Z,1,0,1,1,2014080402,2014-08-07T00:00:00.000Z,4e5888d6-a206-48e9-a315-418a14b371b4
14085,1,VT,Vermont                       ,0,2014-09-04T00:00:00.000Z,Major Disaster,Region I 7-28-2014 Severe Storms and Flooding,Flood,2014-07-28T00:00:00.000Z,2014-07-28T00:00:00.000Z,Turndown,2014-09-23T00:00:00.000Z,0,0,1,1,2014080401,2014-07-28T00:00:00.000Z,6d1ce152-f253-494b-9b16-233fa9714d68
14090,8,ND,North Dakota                  ,0,2014-10-08T00:00:00.000Z,Major Disaster,Severe Storms and Flooding,Flood,2014-08-15T00:00:00.000Z,2014-08-25T00:00:00.000Z,Turndown,2014-11-26T00:00:00.000Z,0,0,1,0,2014090904,2014-08-15T00:00:00.000Z,80b84566-52d9-4251-94b4-a93e0861b2c5
14094,8,UT,Utah                          ,0,2014-10-22T00:00:00.000Z,Major Disaster,Severe Storms and Flooding,Flood,2014-09-27T00:00:00.000Z,2014-09-27T00:00:00.000Z,Turndown,2014-11-03T00:00:00.000Z,1,0,0,1,2014102701,2014-09-27T00:00:00.000Z,295176e4-fdbf-4ce3-b735-5ba1d5ec15c1
15008,6,OK,Oklahoma                      ,0,2015-04-01T00:00:00.000Z,Major Disaster,OK - Tornadoes - Severe Storms - Straight-line Win,Tornado,2015-03-25T00:00:00.000Z,2015-03-26T00:00:00.000Z,Turndown,2015-04-03T00:00:00.000Z,1,0,0,1,2015040101,2015-03-25T00:00:00.000Z,08a34308-0923-4b75-979d-127b172b2d44
15020,3,MD,Maryland                      ,0,2015-05-22T00:00:00.000Z,Major Disaster,R3_Baltimore_City_Unrest,Civil Unrest,2015-04-25T00:00:00.000Z,2015-05-01T00:00:00.000Z,Turndown,2015-07-29T00:00:00.000Z,0,0,1,0,2015052801,2015-04-27T00:00:00.000Z,17abbead-2f44-44b8-b3ce-355fa2a7fdae
15023,8,SD,South Dakota                  ,0,2015-05-27T00:00:00.000Z,Major Disaster,SD Severe Storm and Tornado,Tornado,2015-05-10T00:00:00.000Z,2015-05-10T00:00:00.000Z,Turndown,2015-06-03T00:00:00.000Z,1,0,0,1,2015051301,2015-05-10T00:00:00.000Z,7899517c-48bf-4c63-906d-a03a590bbf6d
15028,7,IA,Iowa                          ,0,2015-06-17T00:00:00.000Z,Major Disaster,Iowa Highly Pathogenic Avian Influenza (HPAI) 2015,Other,2015-04-13T00:00:00.000Z,,Turndown,2015-07-07T00:00:00.000Z,0,0,0,1,2015061804,2015-04-13T00:00:00.000Z,ef1d35cd-fe4b-423c-a4a6-2f74bd662134
15060,10,AK,Alaska                        ,0,2015-07-24T00:00:00.000Z,Major Disaster,Wildfires,Fire,2015-06-14T00:00:00.000Z,,Turndown,2015-08-19T00:00:00.000Z,1,0,1,1,2015081702,2015-06-14T00:00:00.000Z,d31a3f7f-21c5-4f10-8a19-36dfffa0a033
15069,4,FL,Florida                       ,0,2015-08-26T00:00:00.000Z,Major Disaster,Severe Storms and Flooding,Flood,2015-08-01T00:00:00.000Z,2015-08-09T00:00:00.000Z,Turndown,2015-09-23T00:00:00.000Z,1,0,0,1,2015081001,2015-08-01T00:00:00.000Z,c397ccbf-34dd-4d60-84d4-cfc4c5d7ab09
15071,5,IN,Indiana                       ,0,2015-08-31T00:00:00.000Z,Major Disaster,Indiana_Flooding_06182015,Flood,2015-06-07T00:00:00.000Z,2015-07-29T00:00:00.000Z,Turndown,2015-10-20T00:00:00.000Z,0,0,1,1,2015061802,2015-06-18T00:00:00.000Z,b652bad0-282c-4e01-a4d7-fe7f32dd3d9f
15084,9,AZ,Arizona                       ,1,2015-10-02T00:00:00.000Z,Emergency,Chemical Spill,Chemical,2015-08-05T00:00:00.000Z,,Turndown,2015-10-20T00:00:00.000Z,0,0,1,0,2015102001,2015-09-03T00:00:00.000Z,fddb7be5-92c4-44bc-9cdd-a995e93328ed
15086,4,NC,North Carolina                ,0,2015-10-29T00:00:00.000Z,Major Disaster,Severe Storms and Flooding,Severe Storm,2015-10-01T00:00:00.000Z,2015-10-23T00:00:00.000Z,Turndown,2015-12-08T00:00:00.000Z,0,0,1,1,2015093001,2015-09-25T00:00:00.000Z,efe85d83-05fd-4234-af0b-aefb6181240a
15087,2,NJ,New Jersey                    ,0,2015-10-29T00:00:00.000Z,Major Disaster,NJ Severe Coastal Storm,Coastal Storm,2015-10-01T00:00:00.000Z,2015-10-04T00:00:00.000Z,Turndown,2015-11-10T00:00:00.000Z,0,0,1,1,2015101601,2015-10-01T00:00:00.000Z,772ef1a8-ddd7-418c-81ed-57624554f311
15088,10,WA,Washington                    ,1,2015-11-03T00:00:00.000Z,Major Disaster,WA-Colville Indian Reservation-08/13/2015,Fire,2015-08-13T00:00:00.000Z,2015-09-10T00:00:00.000Z,Turndown,2015-11-23T00:00:00.000Z,1,0,0,0,2015110501,2015-08-13T00:00:00.000Z,88098643-bb0d-4ac7-b539-33169e238fd5
16006,5,MI,Michigan                      ,0,2016-01-14T00:00:00.000Z,Major Disaster,Contaminated Water,Toxic Substances,2014-04-25T00:00:00.000Z,,Turndown,2016-01-22T00:00:00.000Z,1,0,1,1,2016010601,2014-04-25T00:00:00.000Z,500bb15d-129c-4368-bc49-c98b234f3c08
16019,6,NM,New Mexico                    ,0,2016-02-16T00:00:00.000Z,Major Disaster,Severe Winter Storm and Snowstorm,Severe Storm,2015-12-26T00:00:00.000Z,2015-12-27T00:00:00.000Z,Turndown,2016-05-10T00:00:00.000Z,0,0,1,1,2016021701,2015-12-26T00:00:00.000Z,98e64d9f-638b-4ccd-b322-549f5ef93726
16025,5,IL,Illinois                      ,0,2016-02-26T00:00:00.000Z,Major Disaster,IL_Flooding_01012016,Flood,2015-12-23T00:00:00.000Z,2016-01-13T00:00:00.000Z,Turndown,2016-04-22T00:00:00.000Z,1,0,1,1,2016010101,2016-01-01T00:00:00.000Z,a972b66b-f0aa-4561-9249-63a400cfe810
16026,4,FL,Florida                       ,0,2016-02-29T00:00:00.000Z,Emergency,"Severe Storms, Tornadoes, and Straight-line Winds",Severe Storm,2016-02-15T00:00:00.000Z,2016-02-24T00:00:00.000Z,Turndown,2016-03-15T00:00:00.000Z,1,0,1,0,2016021901,2016-02-15T00:00:00.000Z,78f1ea76-b7b1-439a-b8f0-dc05bac0f140
16027,6,LA,Louisiana                     ,0,2016-03-02T00:00:00.000Z,Major Disaster,LA - Flooding December 28 2015 - February 1 2016,Flood,2015-12-28T00:00:00.000Z,2016-02-01T00:00:00.000Z,Turndown,2016-06-15T00:00:00.000Z,0,0,1,1,2016030301,2015-12-28T00:00:00.000Z,5b5ab721-e9e7-41ca-9e53-336b56367819
16029,4,FL,Florida                       ,0,2016-03-16T00:00:00.000Z,Major Disaster,"Severe Storms, Tornadoes, and Straight-line Winds",Severe Storm,2016-02-15T00:00:00.000Z,2016-02-24T00:00:00.000Z,Turndown,2016-03-25T00:00:00.000Z,1,0,0,1,2016021901,2016-02-15T00:00:00.000Z,c7007468-56a9-44b6-a690-113172de54e0
16032,6,LA,Louisiana                     ,0,2016-03-18T00:00:00.000Z,Major Disaster,LA - Severe Storms and Tornadoes - February 2016,Severe Storm,2016-02-23T00:00:00.000Z,2016-02-23T00:00:00.000Z,Turndown,2016-04-29T00:00:00.000Z,1,0,1,1,2016031901,2016-02-23T00:00:00.000Z,56d6af2f-5807-4db4-882c-5944f42f1fc4
16035,3,VA,Virginia                      ,0,2016-03-25T00:00:00.000Z,Major Disaster,Severe Storm and Tornadoes,Tornado,2016-02-24T00:00:00.000Z,2016-02-24T00:00:00.000Z,Turndown,2016-05-19T00:00:00.000Z,1,0,0,1,2016030101,2016-02-24T00:00:00.000Z,efc1e5ac-b55b-4d7a-86f1-fde6253d6d33
16041,4,MS,Mississippi                   ,0,2016-05-13T00:00:00.000Z,Major Disaster,Severe Storms and Flooding,Flood,2016-04-28T00:00:00.000Z,2016-05-02T00:00:00.000Z,Turndown,2016-05-27T00:00:00.000Z,1,0,0,1,2016050601,2016-04-28T00:00:00.000Z,62f4e5c6-b459-4199-b455-d85e98f30eb8
16043,9,CA,California                    ,1,2016-04-26T00:00:00.000Z,Major Disaster,Severe Winter Storm & Flooding,Severe Storm,2016-04-11T00:00:00.000Z,2016-05-10T00:00:00.000Z,Turndown,2016-05-25T00:00:00.000Z,0,0,1,0,2016052701,2016-04-11T00:00:00.000Z,ad435ea1-838a-427e-9d42-775ebf7ba4db
16048,4,FL,Florida                       ,0,2016-06-13T00:00:00.000Z,Emergency,Orlando Terrorist Attack,Terrorist,2016-06-12T00:00:00.000Z,,Turndown,2016-06-20T00:00:00.000Z,0,0,1,0,2016061201,2016-06-12T00:00:00.000Z,16aebcf8-57ec-4ed3-96ee-623fc16ef983
16055,6,OK,Oklahoma                      ,0,2016-06-29T00:00:00.000Z,Major Disaster,Severe Storms and Flooding,Flood,2016-06-11T00:00:00.000Z,,Turndown,2016-07-07T00:00:00.000Z,1,0,0,1,2016063001,2016-06-11T00:00:00.000Z,056b21ed-9cb2-4cda-9543-50290e58ea8f
16056,4,FL,Florida                       ,0,2016-07-06T00:00:00.000Z,Emergency,Toxic Algae Blooms,Biological,2016-06-29T00:00:00.000Z,,Turndown,2016-08-25T00:00:00.000Z,0,0,1,0,2016070802,2016-07-07T00:00:00.000Z,13b639a3-f611-4d29-a37c-11252ed4a629
16061,9,CA,California                    ,0,2016-07-14T00:00:00.000Z,Major Disaster,Erskine Fire,Fire,2016-06-23T00:00:00.000Z,2016-07-06T00:00:00.000Z,Turndown,2016-07-22T00:00:00.000Z,1,0,0,1,2016062401,2016-06-23T00:00:00.000Z,40a5d526-e267-49c6-aee2-47d299f3e661
16063,7,KS,Kansas                        ,0,2016-07-21T00:00:00.000Z,Major Disaster,"Severe Storms, Tornadoes, Straight-line Winds, and",Severe Storm,2016-05-22T00:00:00.000Z,2016-05-31T00:00:00.000Z,Turndown,2016-09-29T00:00:00.000Z,0,0,1,1,2016061401,2016-05-22T00:00:00.000Z,609232c9-2e21-41c2-84fa-954532bcd001
16074,8,MT,Montana                       ,1,2016-08-02T00:00:00.000Z,Major Disaster,Severe Storms and Straight Straight Line Winds,Severe Storm,2016-06-24T00:00:00.000Z,2016-06-24T00:00:00.000Z,Turndown,2016-08-12T00:00:00.000Z,1,0,0,1,2016080403,2016-06-24T00:00:00.000Z,a75cf98b-2591-43a5-830d-b0dd28a870ef
16088,5,WI,Wisconsin                     ,1,2016-09-02T00:00:00.000Z,Major Disaster,Bad River Severe Storms and Flooding,Severe Storm,2016-07-11T00:00:00.000Z,2016-07-14T00:00:00.000Z,Turndown,2016-10-27T00:00:00.000Z,1,0,0,0,2016081603,2016-07-11T00:00:00.000Z,1e721cec-82c4-484b-a8e4-cfdc6d3c669d
16092,6,NM,New Mexico                    ,1,2016-09-21T00:00:00.000Z,Major Disaster,Flooding,Flood,2016-08-03T00:00:00.000Z,2016-08-05T00:00:00.000Z,Turndown,2016-11-28T00:00:00.000Z,1,0,0,1,2016092801,2016-08-03T00:00:00.000Z,81921394-05f7-4835-898a-ae55ad0e5d0a
16108,10,WA,Washington                    ,1,2016-10-18T00:00:00.000Z,Major Disaster,Cayuse Mountain Fire,Fire,2016-08-21T00:00:00.000Z,2016-09-07T00:00:00.000Z,Turndown,2016-10-31T00:00:00.000Z,1,0,0,0,2016083001,2016-08-21T00:00:00.000Z,11c2ceba-dafc-4583-8031-f52cde33c2e8
16112,3,DE,Delaware                      ,0,2016-10-27T00:00:00.000Z,Major Disaster,DE Severe Storms - 09/29/2016,Severe Storm,2016-09-29T00:00:00.000Z,2016-09-30T00:00:00.000Z,Turndown,2016-11-18T00:00:00.000Z,0,0,1,1,2016102401,2016-09-29T00:00:00.000Z,2e242a90-b8f4-4473-a219-930caab8ea31
16124,7,KS,Kansas                        ,0,2016-11-24T00:00:00.000Z,Emergency,Chemical Plant Explosion - Neodesha KS,Other,2016-11-22T00:00:00.000Z,,Turndown,2017-01-06T00:00:00.000Z,0,0,1,0,2016112301,2016-11-23T00:00:00.000Z,1c9fcadc-5083-4459-b78f-142c1ff78c85
17001,10,AK,Alaska                        ,1,2016-12-23T00:00:00.000Z,Major Disaster,Newtok Village-Yukip Tribe- Storm Damage,Severe Storm,2006-01-01T00:00:00.000Z,,Turndown,2017-01-18T00:00:00.000Z,1,0,1,1,2017010401,2006-01-01T00:00:00.000Z,e64b8d55-77ae-4941-8467-8c207b695be9
17004,10,AK,Alaska                        ,1,2017-01-15T00:00:00.000Z,Major Disaster,Kivalina-StormFloodErosion-01-15-2017,Severe Storm,2017-01-13T00:00:00.000Z,,Turndown,2017-02-01T00:00:00.000Z,0,0,1,1,2017011701,2017-01-13T00:00:00.000Z,6c8de017-8e33-443d-939c-be7f2608efbd
17008,8,SD,South Dakota                  ,1,2017-01-25T00:00:00.000Z,Major Disaster,Severe Winter Storm,Severe Ice Storm,2016-12-25T00:00:00.000Z,2016-12-26T00:00:00.000Z,Turndown,2017-02-21T00:00:00.000Z,0,0,1,1,2017011801,2016-12-25T00:00:00.000Z,c1f6a8f4-dea3-40ef-ac9c-11b13f84f52f
17018,10,ID,Idaho                         ,0,2017-02-28T00:00:00.000Z,Major Disaster,FEMA_R10_SevereWinterStorm_2017-2-3_1430_PST_Idaho,Severe Ice Storm,2016-12-22T00:00:00.000Z,2017-01-19T00:00:00.000Z,Turndown,2017-03-21T00:00:00.000Z,1,0,1,1,2017020301,2017-02-03T00:00:00.000Z,89412df2-84b1-4e2f-b8f1-c3f1bbc64f9c
17040,3,PA,Pennsylvania                  ,0,2017-05-02T00:00:00.000Z,Major Disaster,Severe Winter Storm - 03/13/2017,Snowstorm,2017-03-13T00:00:00.000Z,2017-03-16T00:00:00.000Z,Turndown,2017-06-13T00:00:00.000Z,0,0,1,1,2017031303,2017-03-13T00:00:00.000Z,cfbd85b0-76cb-44e7-8d9e-088d3bc0cea5
17045,8,ND,North Dakota                  ,0,2017-04-29T00:00:00.000Z,Major Disaster,ND-Dakota Access Pipeline,Other,2016-08-10T00:00:00.000Z,2017-03-31T00:00:00.000Z,Turndown,2017-05-18T00:00:00.000Z,0,0,1,1,2017042701,2016-08-10T00:00:00.000Z,c556c44f-5e82-44fb-b10a-8b84a2864f69
17077,2,NY,New York                      ,0,2017-08-31T00:00:00.000Z,Major Disaster,NY June 30 Severe Storm,Severe Storm,2017-06-30T00:00:00.000Z,,Turndown,2018-01-26T00:00:00.000Z,1,0,1,0,2017081001,2017-06-30T00:00:00.000Z,bcf3838a-d089-4a07-8514-eb06195081ef
17084,8,ND,North Dakota                  ,0,2017-08-24T00:00:00.000Z,Major Disaster,ND-Severe Storm,Severe Storm,2017-07-20T00:00:00.000Z,2017-07-20T00:00:00.000Z,Turndown,2017-11-14T00:00:00.000Z,0,0,1,1,2017080402,2017-07-20T00:00:00.000Z,f420ead1-fa62-4840-9f17-c014fb6f143b
17088,5,IL,Illinois                      ,0,2017-08-31T00:00:00.000Z,Major Disaster,RV_IL_Flooding_07142017,Flood,2017-07-11T00:00:00.000Z,2017-07-27T00:00:00.000Z,Turndown,2017-11-07T00:00:00.000Z,1,0,0,1,2017071401,2017-07-14T00:00:00.000Z,40117010-4fdc-4476-b156-eed8d072864d
17136,8,ND,North Dakota                  ,0,2017-08-07T00:00:00.000Z,Major Disaster,ND - Drought,Drought,2017-05-23T00:00:00.000Z,,Turndown,2017-10-07T00:00:00.000Z,0,0,0,1,2017101004,2017-06-22T00:00:00.000Z,6b260136-bd70-44f2-98ec-addc855959e2
17140,8,MT,Montana                       ,0,2017-11-15T00:00:00.000Z,Major Disaster,MT - historic series of wildfires,Other,2017-08-10T00:00:00.000Z,2017-09-20T00:00:00.000Z,Turndown,2018-04-26T00:00:00.000Z,0,0,1,1,2017112101,2017-08-10T00:00:00.000Z,6e1994aa-c7d1-49be-97f3-72ac652238b6
18014,5,IL,Illinois                      ,0,2018-04-11T00:00:00.000Z,Major Disaster,IL-Flooding-02202018-Region V,Flood,2018-02-18T00:00:00.000Z,2018-02-25T00:00:00.000Z,Turndown,2018-04-26T00:00:00.000Z,1,0,0,1,2018022301,2018-02-20T00:00:00.000Z,0301e38c-728b-4f13-ad3f-dce87a8511db
18031,6,LA,Louisiana                     ,0,2018-05-12T00:00:00.000Z,Major Disaster,Severe Weather and Tornados ,Severe Storm,2018-04-13T00:00:00.000Z,2018-04-14T00:00:00.000Z,Turndown,2018-07-12T00:00:00.000Z,1,0,0,1,2018050101,2018-04-06T00:00:00.000Z,e0c94ffd-0985-42f3-973b-ec773ab36fb1
18039,8,SD,South Dakota                  ,0,2018-06-14T00:00:00.000Z,Major Disaster,SD - Severe Thunderstorms & Flooding,Severe Storm,2018-05-17T00:00:00.000Z,,Turndown,2018-10-15T00:00:00.000Z,0,0,1,1,2018052501,2018-05-17T00:00:00.000Z,029180e6-c04b-4875-a1a4-2d77c1f1388a
18042,3,PA,Pennsylvania                  ,0,2018-06-22T00:00:00.000Z,Major Disaster,Pennsylvania Severe Storms - Landslides,Severe Storm,2018-02-15T00:00:00.000Z,2018-04-24T00:00:00.000Z,Turndown,2018-07-11T00:00:00.000Z,0,0,1,1,2018052101,2018-02-15T00:00:00.000Z,44231698-3c37-415d-9e4d-49c5f1f13e0d
18074,4,NC,North Carolina                ,0,2018-07-30T00:00:00.000Z,Major Disaster,RIV Tropical Weather ,Severe Storm,2018-05-15T00:00:00.000Z,2018-05-31T00:00:00.000Z,Turndown,2018-11-09T00:00:00.000Z,1,0,1,1,2018052301,2018-05-15T00:00:00.000Z,0ed1760f-b925-41b3-9642-c8567a2d56e5
18095,2,NJ,New Jersey                    ,0,2018-08-30T00:00:00.000Z,Major Disaster,NJ Severe Storm and Flooding,Severe Storm,2018-08-11T00:00:00.000Z,2018-08-13T00:00:00.000Z,Turndown,2018-10-01T00:00:00.000Z,1,0,0,1,2018083003,2018-08-11T00:00:00.000Z,91be4d45-2156-4e59-8bc9-1b3b6c2aff26
18109,6,LA,Louisiana                     ,0,2018-06-29T00:00:00.000Z,Major Disaster,Louisiana Spring Flooding,Flood,2018-02-21T00:00:00.000Z,2018-05-17T00:00:00.000Z,Turndown,2019-02-07T00:00:00.000Z,0,0,1,1,2018061802,2018-02-21T00:00:00.000Z,3f580860-8f6d-4905-9d0e-b832f19653ad
19004,1,VT,Vermont                       ,0,2019-01-04T00:00:00.000Z,Major Disaster,Region I_11-26-2018_Severe Winter Storm,Snowstorm,2018-11-26T00:00:00.000Z,2018-11-28T00:00:00.000Z,Turndown,2019-04-08T00:00:00.000Z,0,0,1,1,2018112901,2018-11-26T00:00:00.000Z,458c7fdd-1b85-4f6d-baa5-fbceefc70cbb
19040,5,MI,Michigan                      ,0,2019-06-10T00:00:00.000Z,Major Disaster,MI - Flooding,Flood,2019-04-30T00:00:00.000Z,2019-05-01T00:00:00.000Z,Turndown,2019-09-06T00:00:00.000Z,1,0,0,1,2019060601,2019-05-01T00:00:00.000Z,98dd3634-1bb4-4b49-a4f3-bc0190c5c32e
19079,6,AR,Arkansas                      ,0,2019-09-12T00:00:00.000Z,Major Disaster,LA Tropical Storm Barry,Coastal Storm,2019-07-09T00:00:00.000Z,2019-07-15T00:00:00.000Z,Turndown,2019-10-04T00:00:00.000Z,0,0,1,1,2019070902,2019-07-09T00:00:00.000Z,2dd4db34-50af-4a42-8504-3d53022d19b6
19082,8,SD,South Dakota                  ,0,2019-09-10T00:00:00.000Z,Major Disaster,SD - severe storms August 2-11 2019,Severe Storm,2019-08-02T00:00:00.000Z,2019-08-11T00:00:00.000Z,Turndown,2019-11-22T00:00:00.000Z,0,0,1,1,2019092401,2019-08-02T00:00:00.000Z,542428f0-3550-491b-a9dc-5ad877b09a8a
19089,7,NE,Nebraska                      ,0,2019-10-21T00:00:00.000Z,Major Disaster,NE Flooding - 07/15/2019,Flood,2019-07-15T00:00:00.000Z,,Turndown,2020-01-07T00:00:00.000Z,1,0,1,1,2019100301,2019-07-15T00:00:00.000Z,c057a535-da6c-4e4d-99b1-121a9e00b310
19104,10,AK,Alaska                        ,0,2019-11-25T00:00:00.000Z,Major Disaster,AK-Swan Lake Fire-20190605,Fire,2019-06-05T00:00:00.000Z,2019-10-02T00:00:00.000Z,Turndown,2020-01-27T00:00:00.000Z,0,0,1,1,2019110702,2019-06-05T00:00:00.000Z,2296bba6-0552-4e71-9f29-da822f2096fe
20004,6,TX,Texas                         ,0,2020-01-14T00:00:00.000Z,Major Disaster,TX - Tornados 10/20/2019,Tornado,2019-10-20T00:00:00.000Z,2019-10-21T00:00:00.000Z,Turndown,2020-06-10T00:00:00.000Z,0,0,1,1,2019102303,2019-10-20T00:00:00.000Z,43ba05dc-b306-47d2-8a92-904e54827f4a
20005,6,AR,Arkansas                      ,0,2019-12-03T00:00:00.000Z,Major Disaster,"AR - Severe Storms, Tornado 10/21/2019",Tornado,2019-10-21T00:00:00.000Z,2019-10-21T00:00:00.000Z,Turndown,2020-04-24T00:00:00.000Z,0,0,1,1,2019102801,2019-10-21T00:00:00.000Z,09660073-6a4a-4343-880d-7d937c0935c5
20006,10,AK,Alaska                        ,0,2020-02-06T00:00:00.000Z,Major Disaster,Kenai Peninsula Borough Winter Storms,Severe Storm,2019-11-27T00:00:00.000Z,2019-12-10T00:00:00.000Z,Turndown,2020-03-05T00:00:00.000Z,0,0,1,1,2020012701,2019-11-27T00:00:00.000Z,f3484151-c884-4cbd-9ab7-ee356b52cffa
20146,10,AK,Alaska                        ,0,2020-04-06T00:00:00.000Z,Major Disaster,AK_Kaktovik_School_Fire,Fire,2020-02-06T00:00:00.000Z,2020-02-07T00:00:00.000Z,Turndown,2020-06-19T00:00:00.000Z,0,0,1,0,2020032301,2020-03-23T00:00:00.000Z,51682941-234f-4300-9501-d625defd475b
20169,4,GA,Georgia                       ,0,2020-04-22T00:00:00.000Z,Major Disaster,SEVERE THUNDERSTORMS ,Severe Storm,2020-04-12T00:00:00.000Z,2020-04-13T00:00:00.000Z,Turndown,2020-04-30T00:00:00.000Z,1,0,0,1,2020041101,2020-04-11T00:00:00.000Z,7295a3bf-f405-4d23-9b4b-1e33962e45e4
20173,6,LA,Louisiana                     ,0,2020-04-25T00:00:00.000Z,Major Disaster,Louisiana - Tornado 4/12/2020,Tornado,2020-04-12T00:00:00.000Z,2020-04-12T00:00:00.000Z,Turndown,2020-04-30T00:00:00.000Z,1,0,0,1,2020041301,2020-04-12T00:00:00.000Z,9069320a-2c80-47b0-ab2d-2fc98c8f7ea9
20206,5,MN,Minnesota                     ,0,2020-07-02T00:00:00.000Z,Major Disaster,MN Fires due to Civil Unrest,Civil Unrest,2020-05-27T00:00:00.000Z,2020-06-03T00:00:00.000Z,Turndown,2020-08-18T00:00:00.000Z,0,0,1,1,2020061801,2020-05-26T00:00:00.000Z,2fcfba2e-be34-4c3d-8569-c2c2a08be254
20209,6,LA,Louisiana                     ,0,2020-07-10T00:00:00.000Z,Major Disaster,Louisiana - Tornado 4/22/2020,Tornado,2020-04-22T00:00:00.000Z,2020-04-22T00:00:00.000Z,Turndown,2020-09-09T00:00:00.000Z,0,0,1,1,2020042301,2020-04-22T00:00:00.000Z,0524a0e1-a52e-4e5a-a7c8-2c6b89916d25
20224,4,MS,Mississippi                   ,0,2020-07-07T00:00:00.000Z,Major Disaster,TS Cristobal,Coastal Storm,2020-06-07T00:00:00.000Z,2020-06-08T00:00:00.000Z,Turndown,2020-11-18T00:00:00.000Z,0,0,1,1,2020060302,2020-06-05T00:00:00.000Z,7d117c21-a114-4986-99b3-04c4392f6355
20304,6,TX,Texas                         ,0,2020-09-30T00:00:00.000Z,Major Disaster,TX - Hurricane Hanna,Hurricane,2020-07-25T00:00:00.000Z,2020-07-31T00:00:00.000Z,Turndown,2021-06-01T00:00:00.000Z,0,0,1,1,2020072502,2020-07-25T00:00:00.000Z,08116d67-9dce-48f0-8773-ee6f56a42626
20312,3,PA,Pennsylvania                  ,0,2020-10-05T00:00:00.000Z,Major Disaster,Tropical Storm Isaias,Hurricane,2020-08-03T00:00:00.000Z,2020-08-04T00:00:00.000Z,Turndown,2020-11-18T00:00:00.000Z,1,0,1,1,2020072601,2020-08-03T00:00:00.000Z,25ed5608-e8bb-4afe-8ae3-bddbd221d614
21003,3,VA,Virginia                      ,0,2021-01-15T00:00:00.000Z,Emergency,National Special Security Event - 59th Presidentia,Other,2021-01-06T00:00:00.000Z,,Turndown,2021-03-18T00:00:00.000Z,0,0,1,0,2021011002,2021-01-06T00:00:00.000Z,5f925864-2f3c-4d9b-9bc8-2330386f560a
21004,3,MD,Maryland                      ,0,2021-01-15T00:00:00.000Z,Emergency,National Special Security Event - 59th Presidentia,Other,2021-01-06T00:00:00.000Z,,Turndown,2021-03-17T00:00:00.000Z,0,0,1,0,2021011002,2021-01-06T00:00:00.000Z,3c1a0225-91eb-4067-8020-5177841f1bab
21008,4,AL,Alabama                       ,0,2021-02-12T00:00:00.000Z,Major Disaster,Severe Weather/Tornados,Tornado,2021-01-25T00:00:00.000Z,2021-01-25T00:00:00.000Z,Turndown,2021-03-17T00:00:00.000Z,1,0,0,1,2021020401,2021-01-25T00:00:00.000Z,03f777aa-ba79-4be8-bc62-b51580d74e3b
21057,8,WY,Wyoming                       ,0,2021-05-07T00:00:00.000Z,Major Disaster,WY 2021 Winter Storm-Snow,Snowstorm,2021-03-13T00:00:00.000Z,2021-03-15T00:00:00.000Z,Turndown,2021-07-21T00:00:00.000Z,0,0,1,1,2021051201,2021-03-13T00:00:00.000Z,e8c18f7d-9371-4d65-bcc2-0656de6a08a8
21076,8,MT,Montana                       ,1,2021-08-02T00:00:00.000Z,Major Disaster,MT - Ft Peck Indian Res - Straight Line Winds,Severe Storm,2021-06-08T00:00:00.000Z,2021-06-08T00:00:00.000Z,Turndown,2021-09-13T00:00:00.000Z,1,0,0,1,2021080902,2021-06-08T00:00:00.000Z,4dbc1770-c1f1-4a71-806c-6ebb9b116314
21079,4,KY,Kentucky                      ,0,2021-08-19T00:00:00.000Z,Major Disaster,R4 Kentucky Flash Flooding,Flood,2021-07-29T00:00:00.000Z,2021-07-30T00:00:00.000Z,Turndown,2021-10-08T00:00:00.000Z,1,0,0,1,2021080601,2021-07-29T00:00:00.000Z,2b77d568-0d9d-40d6-9aa8-0d88adbfbd31
21108,3,MD,Maryland                      ,0,2021-09-27T00:00:00.000Z,Major Disaster,Remnants of Hurricane Ida,Hurricane,2021-08-31T00:00:00.000Z,2021-09-04T00:00:00.000Z,Turndown,2021-10-08T00:00:00.000Z,1,0,0,1,2021082601,2021-08-27T00:00:00.000Z,92508610-7a93-46e7-bb57-b573447358da
21109,6,TX,Texas                         ,0,2021-09-20T00:00:00.000Z,Emergency,Texas - Border Security,Other,2021-05-31T00:00:00.000Z,,Turndown,2021-10-24T00:00:00.000Z,0,0,1,0,2021092001,2021-05-31T00:00:00.000Z,a12c058d-577b-43c3-b534-151cd5a62411
21112,5,MN,Minnesota                     ,1,2021-09-30T00:00:00.000Z,Major Disaster,Red Lake Severe Storms,Tornado,2021-07-26T00:00:00.000Z,2021-07-26T00:00:00.000Z,Turndown,2021-10-24T00:00:00.000Z,1,0,1,1,2021092801,2021-07-26T00:00:00.000Z,a58753d9-1f3c-4beb-8cfa-b2c20595bc06
21114,6,NM,New Mexico                    ,0,2021-10-06T00:00:00.000Z,Major Disaster,New Mexico Severe Storms and Flooding,Flood,2021-08-12T00:00:00.000Z,2021-08-16T00:00:00.000Z,Turndown,2021-11-12T00:00:00.000Z,1,0,1,1,2021100601,2021-08-12T00:00:00.000Z,8d9e3c77-e097-4e59-aae9-0b040075faf6
21118,10,OR,Oregon                        ,0,2021-10-06T00:00:00.000Z,Major Disaster,OR-Bootleg Fire-07/10/21,Fire,2021-07-06T00:00:00.000Z,2021-08-15T00:00:00.000Z,Turndown,2021-10-26T00:00:00.000Z,1,0,0,1,2021071101,2021-07-10T00:00:00.000Z,548709c3-d036-4385-b131-2973507a12d1
22006,4,FL,Florida                       ,0,2022-01-24T00:00:00.000Z,Major Disaster,R04 FL Severe Storms and Tornadoes,Tornado,2022-01-16T00:00:00.000Z,2022-01-16T00:00:00.000Z,Turndown,2022-04-24T00:00:00.000Z,1,0,0,0,2022011801,2022-01-16T00:00:00.000Z,32e2677f-cb7c-45db-88db-4b02180e12e3
22035,4,MS,Mississippi                   ,0,2022-04-28T00:00:00.000Z,Major Disaster,"Severe Storms and Tornadoes - March 21-22, 2022",Severe Storm,2022-03-22T00:00:00.000Z,2022-03-22T00:00:00.000Z,Turndown,2022-07-18T00:00:00.000Z,1,0,0,1,2022032102,2022-03-21T00:00:00.000Z,848a9ee2-c38f-4de6-8ccd-9a766a2798a3
22037,4,MS,Mississippi                   ,0,2022-04-29T00:00:00.000Z,Major Disaster,R04 Severe Storms,Severe Storm,2022-03-30T00:00:00.000Z,2022-03-30T00:00:00.000Z,Turndown,2022-07-02T00:00:00.000Z,1,0,0,1,2022033001,2022-03-30T00:00:00.000Z,bed74d95-2301-4fa2-9bd9-45d4b2e81bd5
22044,4,TN,Tennessee                     ,0,2022-05-27T00:00:00.000Z,Major Disaster,R04 Wears Valley Wildfire ,Fire,2022-03-30T00:00:00.000Z,2022-04-05T00:00:00.000Z,Turndown,2022-07-02T00:00:00.000Z,1,0,0,1,2022051203,2022-03-30T00:00:00.000Z,12769a11-c10a-4a25-b9e1-d89090fee127
22045,3,WV,West Virginia                 ,0,2022-06-03T00:00:00.000Z,Major Disaster,"WV, Severe Storms and Flooding- May 6, 2022",Flood,2022-05-06T00:00:00.000Z,2022-05-07T00:00:00.000Z,Turndown,2022-08-27T00:00:00.000Z,1,0,0,1,2022052301,2022-05-06T00:00:00.000Z,4754a23d-a14b-46a0-ae80-56568f4cdbb2
22046,5,MI,Michigan                      ,0,2022-06-08T00:00:00.000Z,Major Disaster,MI - Otsego County - Tornado and Severe Weather,Tornado,2022-05-20T00:00:00.000Z,2022-05-20T00:00:00.000Z,Turndown,2022-07-02T00:00:00.000Z,1,0,0,1,2022060301,2022-05-20T00:00:00.000Z,3080c220-5c67-4174-95f6-d42e37d48580
22081,10,OR,Oregon                        ,0,2022-09-09T00:00:00.000Z,Emergency,OR_Wildfire Response ,Fire,2022-09-08T00:00:00.000Z,,Turndown,2023-01-04T00:00:00.000Z,0,0,1,0,2022091001,2022-09-08T00:00:00.000Z,3bd43936-0531-4afa-acd5-15b3ffbf6d85
22092,4,GA,Georgia                       ,0,2022-10-04T00:00:00.000Z,Major Disaster,"R4 Flooding in Chattooga/Floyd Counties, GA",Flood,2022-09-04T00:00:00.000Z,2022-09-14T00:00:00.000Z,Turndown,2022-12-31T00:00:00.000Z,1,0,0,0,2022090602,2022-09-04T00:00:00.000Z,04452dc4-aae2-4e1b-8ca9-3202f4199c5e
22094,3,WV,West Virginia                 ,0,2022-10-14T00:00:00.000Z,Major Disaster,WV Severe Storms and Flooding ,Flood,2022-07-25T00:00:00.000Z,2022-08-01T00:00:00.000Z,Turndown,2022-12-05T00:00:00.000Z,0,0,1,1,2022092002,2022-07-25T00:00:00.000Z,8b51652a-0ac4-4db0-b070-5556454a9b38
22095,3,WV,West Virginia                 ,0,2022-10-14T00:00:00.000Z,Major Disaster,WV Severe Storms and Flooding ,Flood,2022-08-11T00:00:00.000Z,2022-08-11T00:00:00.000Z,Turndown,2022-12-05T00:00:00.000Z,0,0,1,1,2022092001,2022-08-11T00:00:00.000Z,c26434b9-25f2-4855-8730-2df98204d78f
22098,8,UT,Utah                          ,0,2022-10-19T00:00:00.000Z,Major Disaster,UT Flooding - 08/19/2022,Flood,2022-08-19T00:00:00.000Z,2022-08-21T00:00:00.000Z,Turndown,2023-01-18T00:00:00.000Z,0,0,1,1,2022092701,2022-08-19T00:00:00.000Z,525ad0f5-4463-4c42-9f6a-a27b9e7864f6
22100,9,CA,California                    ,0,2022-10-26T00:00:00.000Z,Major Disaster,California Extreme Heat Event and Wildfires,Fire,2022-08-29T00:00:00.000Z,,Turndown,2023-05-16T00:00:00.000Z,1,0,1,1,2022100501,2022-08-30T00:00:00.000Z,91b6d3bc-013e-41f9-adc1-dcc0c68217c9
23001,6,OK,Oklahoma                      ,1,2023-01-03T00:00:00.000Z,Major Disaster,Severe Weather 11/4/2022,Severe Storm,2022-11-04T00:00:00.000Z,2022-11-04T00:00:00.000Z,Turndown,2023-05-18T00:00:00.000Z,0,0,1,1,2022110401,2022-11-04T00:00:00.000Z,0574f390-d11d-47a8-afd3-2e8c06ad741c
23010,6,TX,Texas                         ,0,2023-02-07T00:00:00.000Z,Major Disaster,Severe Weather,Severe Storm,2023-01-24T00:00:00.000Z,2023-01-24T00:00:00.000Z,Turndown,2023-03-16T00:00:00.000Z,1,0,0,1,2023012401,2023-01-24T00:00:00.000Z,f93f900e-c85f-4b1c-afab-1bbe1415641b
23019,9,HI,Hawaii                        ,0,2023-01-20T00:00:00.000Z,Major Disaster,Mauna Loa Volcanic Eruption,Volcanic Eruption,2022-11-27T00:00:00.000Z,2022-12-16T00:00:00.000Z,Turndown,2023-03-01T00:00:00.000Z,0,0,1,1,2022120301,2022-11-28T00:00:00.000Z,3dbfe8a3-f05a-45e4-bb50-49c11475dbe8
23020,10,OR,Oregon                        ,0,2023-02-28T00:00:00.000Z,Major Disaster,OR_Severe Winter Storm,Severe Storm,2022-12-26T00:00:00.000Z,2022-12-31T00:00:00.000Z,Turndown,2023-04-05T00:00:00.000Z,0,0,1,1,2023020101,2022-12-26T00:00:00.000Z,759340f3-56ab-4431-bc9c-15861b9a1171
23026,8,ND,North Dakota                  ,0,2023-03-21T00:00:00.000Z,Major Disaster,ND freezing fog,Freezing,2023-01-16T00:00:00.000Z,2023-01-20T00:00:00.000Z,Turndown,2023-05-09T00:00:00.000Z,0,0,1,1,2023031701,2023-01-16T00:00:00.000Z,739fc2c9-19c4-44ea-819f-c004a02a53c2
23040,5,IL,Illinois                      ,0,2023-04-05T00:00:00.000Z,Emergency,R5-Illinois-March 31st Severe Storms Tornadoes ,Severe Storm,2023-03-31T00:00:00.000Z,2023-04-01T00:00:00.000Z,Turndown,2023-05-06T00:00:00.000Z,0,0,1,0,2023041002,2023-03-31T00:00:00.000Z,759634ee-25b0-46e0-b751-9d0104dc7cd1
23051,1,NH,New Hampshire                 ,0,2023-05-12T00:00:00.000Z,Major Disaster,Severe Winter Storm ,Snowstorm,2023-03-13T00:00:00.000Z,2023-03-15T00:00:00.000Z,Turndown,2023-12-23T00:00:00.000Z,0,0,1,1,2023032901,2023-03-13T00:00:00.000Z,91b316b4-1398-41b6-815b-1eabcb8eb99b
23055,4,GA,Georgia                       ,0,2023-05-26T00:00:00.000Z,Major Disaster,Severe Weather,Severe Storm,2023-03-25T00:00:00.000Z,2023-03-27T00:00:00.000Z,Turndown,2023-08-22T00:00:00.000Z,1,0,1,1,2023032302,2023-03-24T00:00:00.000Z,be4006dd-a79e-46a7-92ce-5eefa73bc09b
23057,7,IA,Iowa                          ,0,2023-06-06T00:00:00.000Z,Emergency,R7 Iowa Building Collapse,Other,2023-05-28T00:00:00.000Z,2023-05-28T00:00:00.000Z,Turndown,2023-06-28T00:00:00.000Z,0,0,1,0,2023060701,2023-05-28T00:00:00.000Z,3dae2341-c819-4afb-b4f2-e447233e03eb
23060,5,MI,Michigan                      ,0,2023-06-15T00:00:00.000Z,Major Disaster,Flooding/ Spring Thaw/ Snow Melt MI,Flood,2023-04-10T00:00:00.000Z,2023-05-14T00:00:00.000Z,Turndown,2023-08-25T00:00:00.000Z,0,0,1,1,2023051102,2023-04-10T00:00:00.000Z,b54d5900-5832-4350-98c9-2013909e8d3d
23066,10,AK,Alaska                        ,1,2023-06-29T00:00:00.000Z,Emergency,ICAS_Severed Fiber Optic Cable,Other,2023-06-10T00:00:00.000Z,,Turndown,2024-01-31T00:00:00.000Z,0,0,1,0,2023070601,2023-06-10T00:00:00.000Z,a7f35e8a-8ba3-470a-89de-dbe8f922aeae
23079,1,NH,New Hampshire                 ,0,2023-07-28T00:00:00.000Z,Major Disaster,Flooding ,Flood,2023-04-30T00:00:00.000Z,2023-05-01T00:00:00.000Z,Turndown,2023-09-26T00:00:00.000Z,0,0,1,1,2023051002,2023-04-30T00:00:00.000Z,b428d4fb-f817-47cf-906a-383f25f1b58a
23082,3,PA,Pennsylvania                  ,0,2023-07-31T00:00:00.000Z,Major Disaster,R3_07092023 Severe Storms and Flooding _PA,Flood,2023-07-09T00:00:00.000Z,2023-07-09T00:00:00.000Z,Turndown,2023-09-26T00:00:00.000Z,1,0,1,1,2023071702,2023-07-09T00:00:00.000Z,246fc464-f3b4-4c15-b62d-e955efa05b52
23094,7,IA,Iowa                          ,0,2023-06-20T00:00:00.000Z,Major Disaster,R7 Iowa Building Collapse,Other,2023-05-28T00:00:00.000Z,2023-05-28T00:00:00.000Z,Turndown,2023-08-15T00:00:00.000Z,0,0,1,0,2023060701,2023-05-28T00:00:00.000Z,a0c3c159-be48-4428-aeb6-1cee5b04ee20
23099,4,KY,Kentucky                      ,0,2023-08-18T00:00:00.000Z,Major Disaster,Severe Storms straight-line winds & flash flooding,Severe Storm,2023-07-17T00:00:00.000Z,2023-07-20T00:00:00.000Z,Turndown,2024-02-26T00:00:00.000Z,1,0,0,0,2023073102,2023-07-16T00:00:00.000Z,8cdb648c-e959-4acf-9ad1-31693a00cd85
23117,10,AK,Alaska                        ,0,2023-09-05T00:00:00.000Z,Major Disaster,AK_Mendenhall Glacier Dam Burst,Dam/Levee Break,2023-08-04T00:00:00.000Z,2023-08-06T00:00:00.000Z,Turndown,2023-09-26T00:00:00.000Z,1,0,1,1,2023081501,2023-08-05T00:00:00.000Z,e2f78db0-7eca-451e-90ae-fd558b0f7473
23136,3,PA,Pennsylvania                  ,0,2023-11-09T00:00:00.000Z,Major Disaster,R3_ Pennsylvania Severe Storms and Flooding,Flood,2023-09-09T00:00:00.000Z,2023-09-10T00:00:00.000Z,Turndown,2024-03-15T00:00:00.000Z,1,0,1,1,2023091801,2023-09-09T00:00:00.000Z,df6b4576-366d-4e02-9d40-a44f37e95b89
24004,10,AK,Alaska                        ,0,2024-01-24T00:00:00.000Z,Major Disaster,AK_Permafrost Degradation,Other,2023-11-26T00:00:00.000Z,2023-11-27T00:00:00.000Z,Turndown,2024-03-15T00:00:00.000Z,0,0,1,1,2024011801,2023-11-26T00:00:00.000Z,3a96e7c1-24ef-4735-b1c0-c0e6d0beedbe
24006,4,SC,South Carolina                ,0,2024-02-02T00:00:00.000Z,Major Disaster,Severe Weather,Severe Storm,2024-01-09T00:00:00.000Z,2024-01-10T00:00:00.000Z,Turndown,2024-03-15T00:00:00.000Z,1,0,0,0,2024011101,2024-01-11T00:00:00.000Z,21bd57f2-473d-41cc-b1c4-8fc874deff0d
24007,4,FL,Florida                       ,0,2024-02-05T00:00:00.000Z,Major Disaster,Severe Weather,Severe Storm,2024-01-09T00:00:00.000Z,2024-01-09T00:00:00.000Z,Turndown,2024-03-15T00:00:00.000Z,1,0,1,1,2024011101,2024-01-11T00:00:00.000Z,f1031b2f-51f6-4f55-9dae-7957b772e69c
24009,7,IA,Iowa                          ,0,2024-02-13T00:00:00.000Z,Major Disaster,R7 Winter Storms Iowa,Winter Storm,2024-01-08T00:00:00.000Z,2024-01-14T00:00:00.000Z,Turndown,2024-08-15T00:00:00.000Z,0,0,1,1,2024012501,2024-01-08T00:00:00.000Z,bead0d26-200c-4212-a9c5-b8c117523615
24015,8,SD,South Dakota                  ,1,2018-08-17T00:00:00.000Z,Major Disaster,SD - Severe Storms 07/04/2018,Severe Storm,2018-06-29T00:00:00.000Z,2018-07-04T00:00:00.000Z,Turndown,2018-09-18T00:00:00.000Z,1,0,1,1,2018072602,2018-07-03T00:00:00.000Z,85aaf573-6939-4e7b-bcff-5d7e3cde15b8
24016,8,SD,South Dakota                  ,1,2018-08-27T00:00:00.000Z,Major Disaster,OST severe storm 07/27/2018,Severe Storm,2018-07-27T00:00:00.000Z,2018-07-29T00:00:00.000Z,Turndown,2018-09-18T00:00:00.000Z,1,0,0,1,2024022901,2018-07-27T00:00:00.000Z,6cc46871-662c-41b4-868b-e539c5967af9
24025,4,KY,Kentucky                      ,0,2024-03-27T00:00:00.000Z,Major Disaster,"Severe Weather - Winds, Heavy Rains, and Tornadoes",Severe Storm,2024-03-14T00:00:00.000Z,2024-03-14T00:00:00.000Z,Turndown,2024-04-19T00:00:00.000Z,1,0,0,0,2024031501,2024-03-14T00:00:00.000Z,ce978cf2-2a72-4f09-b5b6-59f15ce8e379
24038,9,CA,California                    ,1,2024-03-21T00:00:00.000Z,Major Disaster,Sycuan Band of Kumeyaay Nation ,Flood,2024-01-21T00:00:00.000Z,2024-01-23T00:00:00.000Z,Turndown,2024-05-24T00:00:00.000Z,0,0,1,1,2024050601,2024-01-21T00:00:00.000Z,1229fc79-2dd5-4d06-813a-467f06cc960b
24041,4,SC,South Carolina                ,0,2024-05-07T00:00:00.000Z,Major Disaster,Severe Storms & Hail,Severe Storm,2024-04-20T00:00:00.000Z,2024-04-21T00:00:00.000Z,Turndown,2024-05-22T00:00:00.000Z,1,0,0,0,2024042903,2024-04-20T00:00:00.000Z,fdc0d967-5242-42a7-80f1-619ad77d1995
24051,5,OH,Ohio                          ,0,2024-06-03T00:00:00.000Z,Major Disaster,R5 Ohio Severe Storms Eastern Counties,Severe Storm,2024-04-01T00:00:00.000Z,2024-04-04T00:00:00.000Z,Turndown,2024-08-30T00:00:00.000Z,0,0,1,1,2024042201,2024-04-01T00:00:00.000Z,72a38da3-9d94-44e4-adee-c5e878a608c0
24052,10,AK,Alaska                        ,0,2024-06-04T00:00:00.000Z,Major Disaster,AK_City of Kivalina Fire,Fire,2024-04-09T00:00:00.000Z,2024-04-09T00:00:00.000Z,Turndown,2024-07-03T00:00:00.000Z,0,0,1,1,2024051501,2024-04-09T00:00:00.000Z,f69ece8e-260e-46cf-8739-08b19222bd4c
24053,10,AK,Alaska                        ,0,2024-06-04T00:00:00.000Z,Major Disaster,AK_South Tongass VFD Fire,Fire,2024-04-09T00:00:00.000Z,2024-04-09T00:00:00.000Z,Turndown,2024-07-12T00:00:00.000Z,0,0,1,1,2024051502,2024-04-09T00:00:00.000Z,30666147-7332-49bf-8505-c1591ba94c4a
